source,path,kind,patterns,size_bytes
w16_results,/workspace/repos/gpgpu-sim_distribution/experiments/paper-mascar/energy/W16C/results/w16_energy_actual/results.csv,file,energy|gpu_tot_avg_power|gpu_tot_max_power|kernel_avg_power|kernel_max_power|power,5049
w16_results,/workspace/repos/gpgpu-sim_distribution/experiments/paper-mascar/energy/W16C/results/w16_energy_actual/run_manifest.csv,file,energy,3456
w16_results,/workspace/repos/gpgpu-sim_distribution/experiments/paper-mascar/energy/W16C/results/w16_energy_actual/status_matrix.csv,file,energy,279
w16_results,/workspace/repos/gpgpu-sim_distribution/experiments/paper-mascar/energy/W16C/results/w16_energy_actual/summary.md,file,energy|power,431
w16_results,/workspace/repos/gpgpu-sim_distribution/experiments/paper-mascar/energy/W16C/results/w16_energy_actual_final/results.csv,file,energy|gpu_tot_avg_power|gpu_tot_max_power|kernel_avg_power|kernel_max_power|power,5446
w16_results,/workspace/repos/gpgpu-sim_distribution/experiments/paper-mascar/energy/W16C/results/w16_energy_actual_final/run_manifest.csv,file,energy,3492
w16_results,/workspace/repos/gpgpu-sim_distribution/experiments/paper-mascar/energy/W16C/results/w16_energy_actual_final/status_matrix.csv,file,energy,279
w16_results,/workspace/repos/gpgpu-sim_distribution/experiments/paper-mascar/energy/W16C/results/w16_energy_actual_final/summary.md,file,energy|power,431
w16_results,/workspace/repos/gpgpu-sim_distribution/experiments/paper-mascar/energy/W16C/results/w16_energy_actual_markercopy/results.csv,file,energy|gpu_tot_avg_power|gpu_tot_max_power|kernel_avg_power|kernel_max_power|power,5182
w16_results,/workspace/repos/gpgpu-sim_distribution/experiments/paper-mascar/energy/W16C/results/w16_energy_actual_markercopy/run_manifest.csv,file,energy,3588
w16_results,/workspace/repos/gpgpu-sim_distribution/experiments/paper-mascar/energy/W16C/results/w16_energy_actual_markercopy/status_matrix.csv,file,energy,297
w16_results,/workspace/repos/gpgpu-sim_distribution/experiments/paper-mascar/energy/W16C/results/w16_energy_actual_markercopy/summary.md,file,energy|power,350
w16_results,/workspace/repos/gpgpu-sim_distribution/experiments/paper-mascar/energy/W16C/results/w16_energy_actual_powercopy/results.csv,file,energy|gpu_tot_avg_power|gpu_tot_max_power|kernel_avg_power|kernel_max_power|power,5092
w16_results,/workspace/repos/gpgpu-sim_distribution/experiments/paper-mascar/energy/W16C/results/w16_energy_actual_powercopy/run_manifest.csv,file,energy|power,3516
w16_results,/workspace/repos/gpgpu-sim_distribution/experiments/paper-mascar/energy/W16C/results/w16_energy_actual_powercopy/status_matrix.csv,file,energy,279
w16_results,/workspace/repos/gpgpu-sim_distribution/experiments/paper-mascar/energy/W16C/results/w16_energy_actual_powercopy/summary.md,file,energy|power,431
w16_results,/workspace/repos/gpgpu-sim_distribution/experiments/paper-mascar/energy/W16C/results/w16_energy_actual_rerun/results.csv,file,energy|gpu_tot_avg_power|gpu_tot_max_power|kernel_avg_power|kernel_max_power|power,4561
w16_results,/workspace/repos/gpgpu-sim_distribution/experiments/paper-mascar/energy/W16C/results/w16_energy_actual_rerun/run_manifest.csv,file,energy,3564
w16_results,/workspace/repos/gpgpu-sim_distribution/experiments/paper-mascar/energy/W16C/results/w16_energy_actual_rerun/status_matrix.csv,file,energy,273
w16_results,/workspace/repos/gpgpu-sim_distribution/experiments/paper-mascar/energy/W16C/results/w16_energy_actual_rerun/summary.md,file,energy|power,338
w16_results,/workspace/repos/gpgpu-sim_distribution/experiments/paper-mascar/energy/W16C/results/w16_energy_actual_xmlfix/results.csv,file,energy|gpu_tot_avg_power|gpu_tot_max_power|kernel_avg_power|kernel_max_power|power,5074
w16_results,/workspace/repos/gpgpu-sim_distribution/experiments/paper-mascar/energy/W16C/results/w16_energy_actual_xmlfix/run_manifest.csv,file,energy,3498
w16_results,/workspace/repos/gpgpu-sim_distribution/experiments/paper-mascar/energy/W16C/results/w16_energy_actual_xmlfix/status_matrix.csv,file,energy,279
w16_results,/workspace/repos/gpgpu-sim_distribution/experiments/paper-mascar/energy/W16C/results/w16_energy_actual_xmlfix/summary.md,file,energy|power,431
w16_results,/workspace/repos/gpgpu-sim_distribution/experiments/paper-mascar/energy/W16C/results/w16_energy_dryrun/results.csv,file,energy|gpu_tot_avg_power|gpu_tot_max_power|kernel_avg_power|kernel_max_power|power,4387
w16_results,/workspace/repos/gpgpu-sim_distribution/experiments/paper-mascar/energy/W16C/results/w16_energy_dryrun/run_manifest.csv,file,energy,3450
w16_results,/workspace/repos/gpgpu-sim_distribution/experiments/paper-mascar/energy/W16C/results/w16_energy_dryrun/status_matrix.csv,file,energy,213
w16_results,/workspace/repos/gpgpu-sim_distribution/experiments/paper-mascar/energy/W16C/results/w16_energy_dryrun/summary.md,file,energy|power,308
w16_results,/workspace/repos/gpgpu-sim_distribution/experiments/paper-mascar/energy/W16C/w16_energy_config_matrix.csv,file,AccelWattch|energy,375
w16_results,/workspace/repos/gpgpu-sim_distribution/experiments/paper-mascar/energy/W16C/w16_energy_latest_results.csv,file,energy|gpu_tot_avg_power|gpu_tot_max_power|kernel_avg_power|kernel_max_power|power,5446
w16_results,/workspace/repos/gpgpu-sim_distribution/experiments/paper-mascar/energy/W16C/w16_energy_latest_run_manifest.csv,file,energy,3492
w16_results,/workspace/repos/gpgpu-sim_distribution/experiments/paper-mascar/energy/W16C/w16_energy_latest_status_matrix.csv,file,energy,279
w16_results,/workspace/repos/gpgpu-sim_distribution/experiments/paper-mascar/energy/W16C/w16_energy_latest_summary.md,file,energy|power,431
w16_results,/workspace/repos/gpgpu-sim_distribution/experiments/paper-mascar/energy/W16C/w16_energy_workload_manifest.csv,file,energy,926
w16_results,/workspace/repos/gpgpu-sim_distribution/experiments/paper-mascar/energy/W16C/w16c_postcheck.md,file,AccelWattch|energy|gpu_tot_avg_power|gpu_tot_max_power|kernel_avg_power|kernel_max_power|power,942
w25_results,/workspace/repos/gpgpu-sim_distribution/experiments/paper-mascar/energy/W25/audit/w25_diff_name_status.txt,file,energy,698
w25_results,/workspace/repos/gpgpu-sim_distribution/experiments/paper-mascar/energy/W25/audit/w25_postcheck.md,file,energy|power,472
w25_results,/workspace/repos/gpgpu-sim_distribution/experiments/paper-mascar/energy/W25/audit/w25_symbol_grep.txt,file,AccelWattch|average power|energy|gpu_tot_avg_power|gpu_tot_max_power|gpuwattch|kernel_avg_power|kernel_max_power|power,366247
w25_results,/workspace/repos/gpgpu-sim_distribution/experiments/paper-mascar/energy/W25/audit/w25a_input_status.csv,file,energy,959
w25_results,/workspace/repos/gpgpu-sim_distribution/experiments/paper-mascar/energy/W25/audit/w25a_postcheck.md,file,energy|gpuwattch,466
w25_results,/workspace/repos/gpgpu-sim_distribution/experiments/paper-mascar/energy/W25/audit/w25b_postcheck.md,file,energy|power,351
w25_results,/workspace/repos/gpgpu-sim_distribution/experiments/paper-mascar/energy/W25/audit/w25c_postcheck.md,file,energy,279
w25_results,/workspace/repos/gpgpu-sim_distribution/experiments/paper-mascar/energy/W25/matrix/w25_closeout_manifest.csv,file,energy,1808
w25_results,/workspace/repos/gpgpu-sim_distribution/experiments/paper-mascar/energy/W25/matrix/w25_energy_command_manifest.csv,file,energy|gpuwattch,1858
w25_results,/workspace/repos/gpgpu-sim_distribution/experiments/paper-mascar/energy/W25/matrix/w25_energy_config_matrix.csv,file,AccelWattch|energy,532
w25_results,/workspace/repos/gpgpu-sim_distribution/experiments/paper-mascar/energy/W25/matrix/w25_energy_run_plan.csv,file,energy|gpu_tot_avg_power|kernel_avg_power|power,3599
w25_results,/workspace/repos/gpgpu-sim_distribution/experiments/paper-mascar/energy/W25/matrix/w25_energy_selection_summary.csv,file,energy,491
w25_results,/workspace/repos/gpgpu-sim_distribution/experiments/paper-mascar/energy/W25/matrix/w25_energy_workload_manifest.csv,file,energy|gpuwattch,1635
w25_results,/workspace/repos/gpgpu-sim_distribution/experiments/paper-mascar/energy/W25/results/w25_energy_actual_results.csv,file,energy|gpu_tot_avg_power|gpu_tot_max_power|kernel_avg_power|kernel_max_power|power,7856
w25_results,/workspace/repos/gpgpu-sim_distribution/experiments/paper-mascar/energy/W25/results/w25_energy_actual_run_manifest.csv,file,energy|gpuwattch,7177
w25_results,/workspace/repos/gpgpu-sim_distribution/experiments/paper-mascar/energy/W25/results/w25_energy_actual_status_matrix.csv,file,energy,481
w25_results,/workspace/repos/gpgpu-sim_distribution/experiments/paper-mascar/energy/W25/results/w25_energy_actual_summary.md,file,energy|power,434
w25_results,/workspace/repos/gpgpu-sim_distribution/experiments/paper-mascar/energy/W25/results/w25_energy_availability_matrix.csv,file,AccelWattch|energy|power,1153
w25_results,/workspace/repos/gpgpu-sim_distribution/experiments/paper-mascar/energy/W25/results/w25_energy_dryrun_results.csv,file,energy|gpu_tot_avg_power|gpu_tot_max_power|kernel_avg_power|kernel_max_power|power,6395
w25_results,/workspace/repos/gpgpu-sim_distribution/experiments/paper-mascar/energy/W25/results/w25_energy_dryrun_run_manifest.csv,file,energy|gpuwattch,7171
w25_results,/workspace/repos/gpgpu-sim_distribution/experiments/paper-mascar/energy/W25/results/w25_energy_dryrun_status_matrix.csv,file,energy,343
w25_results,/workspace/repos/gpgpu-sim_distribution/experiments/paper-mascar/energy/W25/results/w25_energy_dryrun_summary.md,file,energy|power,311
w25_results,/workspace/repos/gpgpu-sim_distribution/experiments/paper-mascar/energy/W25/results/w25_energy_latest_results.csv,file,energy|gpu_tot_avg_power|gpu_tot_max_power|kernel_avg_power|kernel_max_power|power,7856
w25_results,/workspace/repos/gpgpu-sim_distribution/experiments/paper-mascar/energy/W25/results/w25_energy_latest_run_manifest.csv,file,energy|gpuwattch,7177
w25_results,/workspace/repos/gpgpu-sim_distribution/experiments/paper-mascar/energy/W25/results/w25_energy_latest_status_matrix.csv,file,energy,481
w25_results,/workspace/repos/gpgpu-sim_distribution/experiments/paper-mascar/energy/W25/results/w25_energy_latest_summary.md,file,energy|power,434
w25_results,/workspace/repos/gpgpu-sim_distribution/experiments/paper-mascar/energy/W25/results/w25_energy_ratio_summary.csv,file,energy|power,354
w25_results,/workspace/repos/gpgpu-sim_distribution/experiments/paper-mascar/energy/W25/results/w25_energy_trend_results.csv,file,energy|gpu_tot_avg_power|kernel_avg_power|power,1617
w25_results,/workspace/repos/gpgpu-sim_distribution/experiments/paper-mascar/energy/W25/results/w25_energy_trend_summary.md,file,energy|power,244
w25e_results,/workspace/repos/gpgpu-sim_distribution/experiments/paper-mascar/energy/W25E/results/w25e_artifact_recovery_20260605_203535/results.csv,file,energy|gpu_tot_avg_power|gpu_tot_max_power|kernel_avg_power|kernel_max_power|power,3419
w25e_results,/workspace/repos/gpgpu-sim_distribution/experiments/paper-mascar/energy/W25E/results/w25e_artifact_recovery_20260605_203535/run_manifest.csv,file,energy,1356
w25e_results,/workspace/repos/gpgpu-sim_distribution/experiments/paper-mascar/energy/W25E/results/w25e_artifact_recovery_20260605_203535/runs/artifact_recovery/energy_baseline_off/spmv/accelwattch_ptx_sim.xml,file,accelwattch|average power|gpuwattch|power|watt,37867
w25e_results,/workspace/repos/gpgpu-sim_distribution/experiments/paper-mascar/energy/W25E/results/w25e_artifact_recovery_20260605_203535/runs/artifact_recovery/energy_baseline_off/spmv/combined.log,file,energy|power,221
w25e_results,/workspace/repos/gpgpu-sim_distribution/experiments/paper-mascar/energy/W25E/results/w25e_artifact_recovery_20260605_203535/runs/artifact_recovery/energy_baseline_off/spmv/env.txt,file,energy,521
w25e_results,/workspace/repos/gpgpu-sim_distribution/experiments/paper-mascar/energy/W25E/results/w25e_artifact_recovery_20260605_203535/runs/artifact_recovery/energy_baseline_off/spmv/power_artifacts/_workspace_repos_gpgpu-workloads.accelwattch_power_report.log,file,accelwattch|average power|gpu_tot_avg_power|gpu_tot_max_power|kernel_avg_power|kernel_max_power|power|watt,330276
w25e_results,/workspace/repos/gpgpu-sim_distribution/experiments/paper-mascar/energy/W25E/results/w25e_artifact_recovery_20260605_203535/runs/artifact_recovery/energy_baseline_off/spmv/power_artifacts/status.txt,file,power,28
w25e_results,/workspace/repos/gpgpu-sim_distribution/experiments/paper-mascar/energy/W25E/results/w25e_artifact_recovery_20260605_203535/runs/artifact_recovery/energy_baseline_off/spmv/spmv.log,file,AccelWattch|energy|power,6410698
w25e_results,/workspace/repos/gpgpu-sim_distribution/experiments/paper-mascar/energy/W25E/results/w25e_artifact_recovery_20260605_203535/runs/artifact_recovery/energy_baseline_off/spmv/stdout.log,file,energy|power,221
w25e_results,/workspace/repos/gpgpu-sim_distribution/experiments/paper-mascar/energy/W25E/results/w25e_artifact_recovery_20260605_203535/runs/artifact_recovery/energy_m4_reexec_load/spmv/accelwattch_ptx_sim.xml,file,accelwattch|average power|gpuwattch|power|watt,37867
w25e_results,/workspace/repos/gpgpu-sim_distribution/experiments/paper-mascar/energy/W25E/results/w25e_artifact_recovery_20260605_203535/runs/artifact_recovery/energy_m4_reexec_load/spmv/combined.log,file,energy|power,223
w25e_results,/workspace/repos/gpgpu-sim_distribution/experiments/paper-mascar/energy/W25E/results/w25e_artifact_recovery_20260605_203535/runs/artifact_recovery/energy_m4_reexec_load/spmv/env.txt,file,energy,528
w25e_results,/workspace/repos/gpgpu-sim_distribution/experiments/paper-mascar/energy/W25E/results/w25e_artifact_recovery_20260605_203535/runs/artifact_recovery/energy_m4_reexec_load/spmv/power_artifacts/_workspace_repos_gpgpu-workloads.accelwattch_power_report.log,file,accelwattch|average power|gpu_tot_avg_power|gpu_tot_max_power|kernel_avg_power|kernel_max_power|power|watt,330276
w25e_results,/workspace/repos/gpgpu-sim_distribution/experiments/paper-mascar/energy/W25E/results/w25e_artifact_recovery_20260605_203535/runs/artifact_recovery/energy_m4_reexec_load/spmv/power_artifacts/status.txt,file,power,28
w25e_results,/workspace/repos/gpgpu-sim_distribution/experiments/paper-mascar/energy/W25E/results/w25e_artifact_recovery_20260605_203535/runs/artifact_recovery/energy_m4_reexec_load/spmv/spmv.log,file,AccelWattch|energy|power,6411315
w25e_results,/workspace/repos/gpgpu-sim_distribution/experiments/paper-mascar/energy/W25E/results/w25e_artifact_recovery_20260605_203535/runs/artifact_recovery/energy_m4_reexec_load/spmv/stdout.log,file,energy|power,223
w25e_results,/workspace/repos/gpgpu-sim_distribution/experiments/paper-mascar/energy/W25E/results/w25e_artifact_recovery_20260605_203535/status_matrix.csv,file,energy,133
w25e_results,/workspace/repos/gpgpu-sim_distribution/experiments/paper-mascar/energy/W25E/results/w25e_artifact_recovery_20260605_203535/summary.md,file,energy|power,335
w25e_results,/workspace/repos/gpgpu-sim_distribution/experiments/paper-mascar/energy/W25E/results/w25e_artifact_recovery_20260605_203535/w25e_config_matrix.snapshot.csv,file,energy,323
w25e_results,/workspace/repos/gpgpu-sim_distribution/experiments/paper-mascar/energy/W25E/results/w25e_common_runner_fix_20260605_210521/results.csv,file,energy|gpu_tot_avg_power|gpu_tot_max_power|kernel_avg_power|kernel_max_power|power,3345
w25e_results,/workspace/repos/gpgpu-sim_distribution/experiments/paper-mascar/energy/W25E/results/w25e_common_runner_fix_20260605_210521/run_manifest.csv,file,energy|gpuwattch,1288
w25e_results,/workspace/repos/gpgpu-sim_distribution/experiments/paper-mascar/energy/W25E/results/w25e_common_runner_fix_20260605_210521/runs/energy_baseline_off/spmv/accelwattch_ptx_sim.xml,file,accelwattch|average power|gpuwattch|power|watt,37867
w25e_results,/workspace/repos/gpgpu-sim_distribution/experiments/paper-mascar/energy/W25E/results/w25e_common_runner_fix_20260605_210521/runs/energy_baseline_off/spmv/combined.log,file,energy,175
w25e_results,/workspace/repos/gpgpu-sim_distribution/experiments/paper-mascar/energy/W25E/results/w25e_common_runner_fix_20260605_210521/runs/energy_baseline_off/spmv/env.txt,file,energy,388
w25e_results,/workspace/repos/gpgpu-sim_distribution/experiments/paper-mascar/energy/W25E/results/w25e_common_runner_fix_20260605_210521/runs/energy_baseline_off/spmv/power_artifacts/_workspace_repos_gpgpu-workloads.accelwattch_power_report.log,file,accelwattch|average power|gpu_tot_avg_power|gpu_tot_max_power|kernel_avg_power|kernel_max_power|power|watt,330276
w25e_results,/workspace/repos/gpgpu-sim_distribution/experiments/paper-mascar/energy/W25E/results/w25e_common_runner_fix_20260605_210521/runs/energy_baseline_off/spmv/power_artifacts/status.txt,file,power,28
w25e_results,/workspace/repos/gpgpu-sim_distribution/experiments/paper-mascar/energy/W25E/results/w25e_common_runner_fix_20260605_210521/runs/energy_baseline_off/spmv/spmv.log,file,AccelWattch|energy|power,6410701
w25e_results,/workspace/repos/gpgpu-sim_distribution/experiments/paper-mascar/energy/W25E/results/w25e_common_runner_fix_20260605_210521/runs/energy_baseline_off/spmv/stdout.log,file,energy,175
w25e_results,/workspace/repos/gpgpu-sim_distribution/experiments/paper-mascar/energy/W25E/results/w25e_common_runner_fix_20260605_210521/runs/energy_m4_reexec_load/spmv/accelwattch_ptx_sim.xml,file,accelwattch|average power|gpuwattch|power|watt,37867
w25e_results,/workspace/repos/gpgpu-sim_distribution/experiments/paper-mascar/energy/W25E/results/w25e_common_runner_fix_20260605_210521/runs/energy_m4_reexec_load/spmv/combined.log,file,energy,177
w25e_results,/workspace/repos/gpgpu-sim_distribution/experiments/paper-mascar/energy/W25E/results/w25e_common_runner_fix_20260605_210521/runs/energy_m4_reexec_load/spmv/env.txt,file,energy,395
w25e_results,/workspace/repos/gpgpu-sim_distribution/experiments/paper-mascar/energy/W25E/results/w25e_common_runner_fix_20260605_210521/runs/energy_m4_reexec_load/spmv/power_artifacts/_workspace_repos_gpgpu-workloads.accelwattch_power_report.log,file,accelwattch|average power|gpu_tot_avg_power|gpu_tot_max_power|kernel_avg_power|kernel_max_power|power|watt,330276
w25e_results,/workspace/repos/gpgpu-sim_distribution/experiments/paper-mascar/energy/W25E/results/w25e_common_runner_fix_20260605_210521/runs/energy_m4_reexec_load/spmv/power_artifacts/status.txt,file,power,28
w25e_results,/workspace/repos/gpgpu-sim_distribution/experiments/paper-mascar/energy/W25E/results/w25e_common_runner_fix_20260605_210521/runs/energy_m4_reexec_load/spmv/spmv.log,file,AccelWattch|energy|power,6411270
w25e_results,/workspace/repos/gpgpu-sim_distribution/experiments/paper-mascar/energy/W25E/results/w25e_common_runner_fix_20260605_210521/runs/energy_m4_reexec_load/spmv/stdout.log,file,energy,177
w25e_results,/workspace/repos/gpgpu-sim_distribution/experiments/paper-mascar/energy/W25E/results/w25e_common_runner_fix_20260605_210521/status_matrix.csv,file,energy,133
w25e_results,/workspace/repos/gpgpu-sim_distribution/experiments/paper-mascar/energy/W25E/results/w25e_common_runner_fix_20260605_210521/summary.md,file,energy|power,335
w25e_results,/workspace/repos/gpgpu-sim_distribution/experiments/paper-mascar/energy/W25E/results/w25e_common_runner_fix_20260605_210521/w25_config_matrix.snapshot.csv,file,AccelWattch|energy,532
w25e_results,/workspace/repos/gpgpu-sim_distribution/experiments/paper-mascar/energy/W25E/results/w25e_common_runner_fix_20260605_210521/w25_workload_manifest.snapshot.csv,file,energy|gpuwattch,1858
w25e_results,/workspace/repos/gpgpu-sim_distribution/experiments/paper-mascar/energy/W25E/results/w25e_no_artifact_20260605_200647/results.csv,file,energy|gpu_tot_avg_power|gpu_tot_max_power|kernel_avg_power|kernel_max_power|power,3257
w25e_results,/workspace/repos/gpgpu-sim_distribution/experiments/paper-mascar/energy/W25E/results/w25e_no_artifact_20260605_200647/run_manifest.csv,file,energy,1308
w25e_results,/workspace/repos/gpgpu-sim_distribution/experiments/paper-mascar/energy/W25E/results/w25e_no_artifact_20260605_200647/runs/no_artifact/energy_baseline_off/spmv/accelwattch_ptx_sim.xml,file,accelwattch|average power|gpuwattch|power|watt,37867
w25e_results,/workspace/repos/gpgpu-sim_distribution/experiments/paper-mascar/energy/W25E/results/w25e_no_artifact_20260605_200647/runs/no_artifact/energy_baseline_off/spmv/combined.log,file,energy,181
w25e_results,/workspace/repos/gpgpu-sim_distribution/experiments/paper-mascar/energy/W25E/results/w25e_no_artifact_20260605_200647/runs/no_artifact/energy_baseline_off/spmv/env.txt,file,energy,503
w25e_results,/workspace/repos/gpgpu-sim_distribution/experiments/paper-mascar/energy/W25E/results/w25e_no_artifact_20260605_200647/runs/no_artifact/energy_baseline_off/spmv/spmv.log,file,AccelWattch|energy|power,6410697
w25e_results,/workspace/repos/gpgpu-sim_distribution/experiments/paper-mascar/energy/W25E/results/w25e_no_artifact_20260605_200647/runs/no_artifact/energy_baseline_off/spmv/stdout.log,file,energy,181
w25e_results,/workspace/repos/gpgpu-sim_distribution/experiments/paper-mascar/energy/W25E/results/w25e_no_artifact_20260605_200647/runs/no_artifact/energy_m4_reexec_load/spmv/accelwattch_ptx_sim.xml,file,accelwattch|average power|gpuwattch|power|watt,37867
w25e_results,/workspace/repos/gpgpu-sim_distribution/experiments/paper-mascar/energy/W25E/results/w25e_no_artifact_20260605_200647/runs/no_artifact/energy_m4_reexec_load/spmv/combined.log,file,energy,183
w25e_results,/workspace/repos/gpgpu-sim_distribution/experiments/paper-mascar/energy/W25E/results/w25e_no_artifact_20260605_200647/runs/no_artifact/energy_m4_reexec_load/spmv/env.txt,file,energy,510
w25e_results,/workspace/repos/gpgpu-sim_distribution/experiments/paper-mascar/energy/W25E/results/w25e_no_artifact_20260605_200647/runs/no_artifact/energy_m4_reexec_load/spmv/spmv.log,file,AccelWattch|energy|power,6411265
w25e_results,/workspace/repos/gpgpu-sim_distribution/experiments/paper-mascar/energy/W25E/results/w25e_no_artifact_20260605_200647/runs/no_artifact/energy_m4_reexec_load/spmv/stdout.log,file,energy,183
w25e_results,/workspace/repos/gpgpu-sim_distribution/experiments/paper-mascar/energy/W25E/results/w25e_no_artifact_20260605_200647/status_matrix.csv,file,energy,133
w25e_results,/workspace/repos/gpgpu-sim_distribution/experiments/paper-mascar/energy/W25E/results/w25e_no_artifact_20260605_200647/summary.md,file,energy|power,335
w25e_results,/workspace/repos/gpgpu-sim_distribution/experiments/paper-mascar/energy/W25E/results/w25e_no_artifact_20260605_200647/w25e_config_matrix.snapshot.csv,file,energy,323
w16_tmp_archive,/workspace/tmp/mascar_w16_energy_review_pack_20260605_132809.tar.gz:docs/papers/mascar_w16a_energy_infrastructure_audit.md,tar_member,AccelWattch|average power|energy|gpu_tot_avg_power|gpu_tot_max_power|gpuwattch|kernel_avg_power|kernel_max_power|power,1961
w16_tmp_archive,/workspace/tmp/mascar_w16_energy_review_pack_20260605_132809.tar.gz:docs/papers/mascar_w16b_energy_config_collector.md,tar_member,AccelWattch|energy|gpu_tot_avg_power|gpu_tot_max_power|gpuwattch|kernel_avg_power|kernel_max_power|power,2117
w16_tmp_archive,/workspace/tmp/mascar_w16_energy_review_pack_20260605_132809.tar.gz:docs/papers/mascar_w16c_energy_smoke_matrix.md,tar_member,AccelWattch|average power|energy|power,1179
w16_tmp_archive,/workspace/tmp/mascar_w16_energy_review_pack_20260605_132809.tar.gz:docs/papers/mascar_w16_energy_trend_report.md,tar_member,AccelWattch|average power|energy|gpu_tot_avg_power|gpu_tot_max_power|gpuwattch|kernel_avg_power|kernel_max_power|power,1922
w16_tmp_archive,/workspace/tmp/mascar_w16_energy_review_pack_20260605_132809.tar.gz:configs/hrl-repro/SM7_QV100_mascar_energy_baseline_off/accelwattch_ptx_sim.xml,tar_member,accelwattch|average power|gpuwattch|power|watt,37867
w16_tmp_archive,/workspace/tmp/mascar_w16_energy_review_pack_20260605_132809.tar.gz:configs/hrl-repro/SM7_QV100_mascar_energy_baseline_off/README.md,tar_member,AccelWattch|energy|power,208
w16_tmp_archive,/workspace/tmp/mascar_w16_energy_review_pack_20260605_132809.tar.gz:configs/hrl-repro/SM7_QV100_mascar_energy_m4_reexec_load_on/accelwattch_ptx_sim.xml,tar_member,accelwattch|average power|gpuwattch|power|watt,37867
w16_tmp_archive,/workspace/tmp/mascar_w16_energy_review_pack_20260605_132809.tar.gz:configs/hrl-repro/SM7_QV100_mascar_energy_m4_reexec_load_on/README.md,tar_member,AccelWattch|energy|power,227
w16_tmp_archive,/workspace/tmp/mascar_w16_energy_review_pack_20260605_132809.tar.gz:experiments/paper-mascar/energy/W16A/e1_energy_stat_map.csv,tar_member,AccelWattch|energy|gpu_tot_avg_power|gpu_tot_max_power|kernel_avg_power|kernel_max_power|power,1799
w16_tmp_archive,/workspace/tmp/mascar_w16_energy_review_pack_20260605_132809.tar.gz:experiments/paper-mascar/energy/W16A/energy_config_candidates.txt,tar_member,AccelWattch|gpuwattch|power,2538
w16_tmp_archive,/workspace/tmp/mascar_w16_energy_review_pack_20260605_132809.tar.gz:experiments/paper-mascar/energy/W16A/energy_log_field_candidates.txt,tar_member,AccelWattch|average power|energy|gpu_tot_max_power|gpuwattch|power|total power,164825
w16_tmp_archive,/workspace/tmp/mascar_w16_energy_review_pack_20260605_132809.tar.gz:experiments/paper-mascar/energy/W16A/w16a_postcheck.md,tar_member,AccelWattch|average power|energy|power,649
w16_tmp_archive,/workspace/tmp/mascar_w16_energy_review_pack_20260605_132809.tar.gz:experiments/paper-mascar/energy/W16A/energy_option_grep.txt,tar_member,AccelWattch|average power|energy|gpuwattch|power|total power,850008
w16_tmp_archive,/workspace/tmp/mascar_w16_energy_review_pack_20260605_132809.tar.gz:experiments/paper-mascar/energy/W16B/energy_collector_field_map.csv,tar_member,AccelWattch|average power|energy|gpu_tot_avg_power|gpu_tot_max_power|kernel_avg_power|kernel_max_power|power,1942
w16_tmp_archive,/workspace/tmp/mascar_w16_energy_review_pack_20260605_132809.tar.gz:experiments/paper-mascar/energy/W16B/w16b_postcheck.md,tar_member,AccelWattch|energy|power,667
w16_tmp_archive,/workspace/tmp/mascar_w16_energy_review_pack_20260605_132809.tar.gz:experiments/paper-mascar/energy/W16C/w16_energy_config_matrix.csv,tar_member,AccelWattch|energy,375
w16_tmp_archive,/workspace/tmp/mascar_w16_energy_review_pack_20260605_132809.tar.gz:experiments/paper-mascar/energy/W16C/w16_energy_workload_manifest.csv,tar_member,energy,926
w16_tmp_archive,/workspace/tmp/mascar_w16_energy_review_pack_20260605_132809.tar.gz:experiments/paper-mascar/energy/W16C/w16_energy_latest_results.csv,tar_member,energy|gpu_tot_avg_power|gpu_tot_max_power|kernel_avg_power|kernel_max_power|power,5446
w16_tmp_archive,/workspace/tmp/mascar_w16_energy_review_pack_20260605_132809.tar.gz:experiments/paper-mascar/energy/W16C/w16_energy_latest_summary.md,tar_member,energy|power,431
w16_tmp_archive,/workspace/tmp/mascar_w16_energy_review_pack_20260605_132809.tar.gz:experiments/paper-mascar/energy/W16C/w16_energy_latest_status_matrix.csv,tar_member,energy,279
w16_tmp_archive,/workspace/tmp/mascar_w16_energy_review_pack_20260605_132809.tar.gz:experiments/paper-mascar/energy/W16C/w16_energy_latest_run_manifest.csv,tar_member,energy,3492
w16_tmp_archive,/workspace/tmp/mascar_w16_energy_review_pack_20260605_132809.tar.gz:experiments/paper-mascar/energy/W16C/w16c_postcheck.md,tar_member,AccelWattch|energy|gpu_tot_avg_power|gpu_tot_max_power|kernel_avg_power|kernel_max_power|power,942
w16_tmp_archive,/workspace/tmp/mascar_w16_energy_review_pack_20260605_132809.tar.gz:experiments/paper-mascar/energy/W16D/w16_closeout_manifest.csv,tar_member,energy|power,783
w16_tmp_archive,/workspace/tmp/mascar_w16_energy_review_pack_20260605_132809.tar.gz:experiments/paper-mascar/energy/W16D/w16_energy_summary.md,tar_member,AccelWattch|average power|energy|gpuwattch|power,733
w16_tmp_archive,/workspace/tmp/mascar_w16_energy_review_pack_20260605_132809.tar.gz:experiments/paper-mascar/energy/W16D/w16d_postcheck.md,tar_member,average power|energy|power,869
w16_tmp_archive,/workspace/tmp/mascar_w16_energy_review_pack_20260605_132809.tar.gz:experiments/paper-mascar/energy/W16D/w16_energy_ratio_by_workload.csv,tar_member,energy|power,632
w16_tmp_archive,/workspace/tmp/mascar_w16_energy_review_pack_20260605_132809.tar.gz:experiments/paper-mascar/energy/W16D/w16_energy_trend_summary.csv,tar_member,energy|power,1040
w16_tmp_archive,/workspace/tmp/mascar_w16_energy_review_pack_20260605_132809.tar.gz:experiments/paper-mascar/energy/W16D/w16_energy_availability_matrix.csv,tar_member,energy|power,482
w16_tmp_archive,/workspace/tmp/mascar_w16_energy_raw_logs_20260605_132658.tar.gz:experiments/paper-mascar/energy/W16C/results/w16_energy_dryrun/status_matrix.csv,tar_member,energy,213
w16_tmp_archive,/workspace/tmp/mascar_w16_energy_raw_logs_20260605_132658.tar.gz:experiments/paper-mascar/energy/W16C/results/w16_energy_dryrun/runs/energy_m4_reexec_load/spmv/stdout.log,tar_member,energy,229
w16_tmp_archive,/workspace/tmp/mascar_w16_energy_raw_logs_20260605_132658.tar.gz:experiments/paper-mascar/energy/W16C/results/w16_energy_dryrun/runs/energy_m4_reexec_load/spmv/combined.log,tar_member,energy,229
w16_tmp_archive,/workspace/tmp/mascar_w16_energy_raw_logs_20260605_132658.tar.gz:experiments/paper-mascar/energy/W16C/results/w16_energy_dryrun/runs/energy_m4_reexec_load/spmv/env.txt,tar_member,energy,414
w16_tmp_archive,/workspace/tmp/mascar_w16_energy_raw_logs_20260605_132658.tar.gz:experiments/paper-mascar/energy/W16C/results/w16_energy_dryrun/runs/energy_m4_reexec_load/spmv/command.txt,tar_member,energy,116
w16_tmp_archive,/workspace/tmp/mascar_w16_energy_raw_logs_20260605_132658.tar.gz:experiments/paper-mascar/energy/W16C/results/w16_energy_dryrun/runs/energy_m4_reexec_load/pathfinder/stdout.log,tar_member,energy,253
w16_tmp_archive,/workspace/tmp/mascar_w16_energy_raw_logs_20260605_132658.tar.gz:experiments/paper-mascar/energy/W16C/results/w16_energy_dryrun/runs/energy_m4_reexec_load/pathfinder/combined.log,tar_member,energy,253
w16_tmp_archive,/workspace/tmp/mascar_w16_energy_raw_logs_20260605_132658.tar.gz:experiments/paper-mascar/energy/W16C/results/w16_energy_dryrun/runs/energy_m4_reexec_load/pathfinder/env.txt,tar_member,energy,420
w16_tmp_archive,/workspace/tmp/mascar_w16_energy_raw_logs_20260605_132658.tar.gz:experiments/paper-mascar/energy/W16C/results/w16_energy_dryrun/runs/energy_m4_reexec_load/pathfinder/command.txt,tar_member,energy,122
w16_tmp_archive,/workspace/tmp/mascar_w16_energy_raw_logs_20260605_132658.tar.gz:experiments/paper-mascar/energy/W16C/results/w16_energy_dryrun/runs/energy_m4_reexec_load/mri_q/stdout.log,tar_member,energy,233
w16_tmp_archive,/workspace/tmp/mascar_w16_energy_raw_logs_20260605_132658.tar.gz:experiments/paper-mascar/energy/W16C/results/w16_energy_dryrun/runs/energy_m4_reexec_load/mri_q/combined.log,tar_member,energy,233
w16_tmp_archive,/workspace/tmp/mascar_w16_energy_raw_logs_20260605_132658.tar.gz:experiments/paper-mascar/energy/W16C/results/w16_energy_dryrun/runs/energy_m4_reexec_load/mri_q/env.txt,tar_member,energy,415
w16_tmp_archive,/workspace/tmp/mascar_w16_energy_raw_logs_20260605_132658.tar.gz:experiments/paper-mascar/energy/W16C/results/w16_energy_dryrun/runs/energy_m4_reexec_load/mri_q/command.txt,tar_member,energy,117
w16_tmp_archive,/workspace/tmp/mascar_w16_energy_raw_logs_20260605_132658.tar.gz:experiments/paper-mascar/energy/W16C/results/w16_energy_dryrun/runs/energy_baseline_off/spmv/stdout.log,tar_member,energy,229
w16_tmp_archive,/workspace/tmp/mascar_w16_energy_raw_logs_20260605_132658.tar.gz:experiments/paper-mascar/energy/W16C/results/w16_energy_dryrun/runs/energy_baseline_off/spmv/combined.log,tar_member,energy,229
w16_tmp_archive,/workspace/tmp/mascar_w16_energy_raw_logs_20260605_132658.tar.gz:experiments/paper-mascar/energy/W16C/results/w16_energy_dryrun/runs/energy_baseline_off/spmv/env.txt,tar_member,energy,407
w16_tmp_archive,/workspace/tmp/mascar_w16_energy_raw_logs_20260605_132658.tar.gz:experiments/paper-mascar/energy/W16C/results/w16_energy_dryrun/runs/energy_baseline_off/spmv/command.txt,tar_member,energy,116
w16_tmp_archive,/workspace/tmp/mascar_w16_energy_raw_logs_20260605_132658.tar.gz:experiments/paper-mascar/energy/W16C/results/w16_energy_dryrun/runs/energy_baseline_off/pathfinder/stdout.log,tar_member,energy,253
w16_tmp_archive,/workspace/tmp/mascar_w16_energy_raw_logs_20260605_132658.tar.gz:experiments/paper-mascar/energy/W16C/results/w16_energy_dryrun/runs/energy_baseline_off/pathfinder/combined.log,tar_member,energy,253
w16_tmp_archive,/workspace/tmp/mascar_w16_energy_raw_logs_20260605_132658.tar.gz:experiments/paper-mascar/energy/W16C/results/w16_energy_dryrun/runs/energy_baseline_off/pathfinder/env.txt,tar_member,energy,413
w16_tmp_archive,/workspace/tmp/mascar_w16_energy_raw_logs_20260605_132658.tar.gz:experiments/paper-mascar/energy/W16C/results/w16_energy_dryrun/runs/energy_baseline_off/pathfinder/command.txt,tar_member,energy,122
w16_tmp_archive,/workspace/tmp/mascar_w16_energy_raw_logs_20260605_132658.tar.gz:experiments/paper-mascar/energy/W16C/results/w16_energy_dryrun/runs/energy_baseline_off/mri_q/stdout.log,tar_member,energy,233
w16_tmp_archive,/workspace/tmp/mascar_w16_energy_raw_logs_20260605_132658.tar.gz:experiments/paper-mascar/energy/W16C/results/w16_energy_dryrun/runs/energy_baseline_off/mri_q/combined.log,tar_member,energy,233
w16_tmp_archive,/workspace/tmp/mascar_w16_energy_raw_logs_20260605_132658.tar.gz:experiments/paper-mascar/energy/W16C/results/w16_energy_dryrun/runs/energy_baseline_off/mri_q/env.txt,tar_member,energy,408
w16_tmp_archive,/workspace/tmp/mascar_w16_energy_raw_logs_20260605_132658.tar.gz:experiments/paper-mascar/energy/W16C/results/w16_energy_dryrun/runs/energy_baseline_off/mri_q/command.txt,tar_member,energy,117
w16_tmp_archive,/workspace/tmp/mascar_w16_energy_raw_logs_20260605_132658.tar.gz:experiments/paper-mascar/energy/W16C/results/w16_energy_dryrun/results.csv,tar_member,energy|gpu_tot_avg_power|gpu_tot_max_power|kernel_avg_power|kernel_max_power|power,4387
w16_tmp_archive,/workspace/tmp/mascar_w16_energy_raw_logs_20260605_132658.tar.gz:experiments/paper-mascar/energy/W16C/results/w16_energy_dryrun/run_manifest.csv,tar_member,energy,3450
w16_tmp_archive,/workspace/tmp/mascar_w16_energy_raw_logs_20260605_132658.tar.gz:experiments/paper-mascar/energy/W16C/results/w16_energy_dryrun/summary.md,tar_member,energy|power,308
w16_tmp_archive,/workspace/tmp/mascar_w16_energy_raw_logs_20260605_132658.tar.gz:experiments/paper-mascar/energy/W16C/results/w16_energy_actual/status_matrix.csv,tar_member,energy,279
w16_tmp_archive,/workspace/tmp/mascar_w16_energy_raw_logs_20260605_132658.tar.gz:experiments/paper-mascar/energy/W16C/results/w16_energy_actual/runs/energy_m4_reexec_load/spmv/stdout.log,tar_member,energy,156
w16_tmp_archive,/workspace/tmp/mascar_w16_energy_raw_logs_20260605_132658.tar.gz:experiments/paper-mascar/energy/W16C/results/w16_energy_actual/runs/energy_m4_reexec_load/spmv/combined.log,tar_member,energy,156
w16_tmp_archive,/workspace/tmp/mascar_w16_energy_raw_logs_20260605_132658.tar.gz:experiments/paper-mascar/energy/W16C/results/w16_energy_actual/runs/energy_m4_reexec_load/spmv/env.txt,tar_member,energy,414
w16_tmp_archive,/workspace/tmp/mascar_w16_energy_raw_logs_20260605_132658.tar.gz:experiments/paper-mascar/energy/W16C/results/w16_energy_actual/runs/energy_m4_reexec_load/spmv/command.txt,tar_member,energy,106
w16_tmp_archive,/workspace/tmp/mascar_w16_energy_raw_logs_20260605_132658.tar.gz:experiments/paper-mascar/energy/W16C/results/w16_energy_actual/runs/energy_m4_reexec_load/spmv/spmv.log,tar_member,AccelWattch|power,6410642
w16_tmp_archive,/workspace/tmp/mascar_w16_energy_raw_logs_20260605_132658.tar.gz:experiments/paper-mascar/energy/W16C/results/w16_energy_actual/runs/energy_m4_reexec_load/spmv/power_report_status.txt,tar_member,power,28
w16_tmp_archive,/workspace/tmp/mascar_w16_energy_raw_logs_20260605_132658.tar.gz:experiments/paper-mascar/energy/W16C/results/w16_energy_actual/runs/energy_m4_reexec_load/pathfinder/stdout.log,tar_member,energy,168
w16_tmp_archive,/workspace/tmp/mascar_w16_energy_raw_logs_20260605_132658.tar.gz:experiments/paper-mascar/energy/W16C/results/w16_energy_actual/runs/energy_m4_reexec_load/pathfinder/combined.log,tar_member,energy,168
w16_tmp_archive,/workspace/tmp/mascar_w16_energy_raw_logs_20260605_132658.tar.gz:experiments/paper-mascar/energy/W16C/results/w16_energy_actual/runs/energy_m4_reexec_load/pathfinder/pathfinder.log,tar_member,AccelWattch|power,4392580
w16_tmp_archive,/workspace/tmp/mascar_w16_energy_raw_logs_20260605_132658.tar.gz:experiments/paper-mascar/energy/W16C/results/w16_energy_actual/runs/energy_m4_reexec_load/pathfinder/env.txt,tar_member,energy,420
w16_tmp_archive,/workspace/tmp/mascar_w16_energy_raw_logs_20260605_132658.tar.gz:experiments/paper-mascar/energy/W16C/results/w16_energy_actual/runs/energy_m4_reexec_load/pathfinder/command.txt,tar_member,energy,112
w16_tmp_archive,/workspace/tmp/mascar_w16_energy_raw_logs_20260605_132658.tar.gz:experiments/paper-mascar/energy/W16C/results/w16_energy_actual/runs/energy_m4_reexec_load/pathfinder/power_report_status.txt,tar_member,power,28
w16_tmp_archive,/workspace/tmp/mascar_w16_energy_raw_logs_20260605_132658.tar.gz:experiments/paper-mascar/energy/W16C/results/w16_energy_actual/runs/energy_m4_reexec_load/mri_q/stdout.log,tar_member,energy,158
w16_tmp_archive,/workspace/tmp/mascar_w16_energy_raw_logs_20260605_132658.tar.gz:experiments/paper-mascar/energy/W16C/results/w16_energy_actual/runs/energy_m4_reexec_load/mri_q/mri_q.log,tar_member,AccelWattch|power,329602
w16_tmp_archive,/workspace/tmp/mascar_w16_energy_raw_logs_20260605_132658.tar.gz:experiments/paper-mascar/energy/W16C/results/w16_energy_actual/runs/energy_m4_reexec_load/mri_q/combined.log,tar_member,energy,158
w16_tmp_archive,/workspace/tmp/mascar_w16_energy_raw_logs_20260605_132658.tar.gz:experiments/paper-mascar/energy/W16C/results/w16_energy_actual/runs/energy_m4_reexec_load/mri_q/env.txt,tar_member,energy,415
w16_tmp_archive,/workspace/tmp/mascar_w16_energy_raw_logs_20260605_132658.tar.gz:experiments/paper-mascar/energy/W16C/results/w16_energy_actual/runs/energy_m4_reexec_load/mri_q/command.txt,tar_member,energy,107
w16_tmp_archive,/workspace/tmp/mascar_w16_energy_raw_logs_20260605_132658.tar.gz:experiments/paper-mascar/energy/W16C/results/w16_energy_actual/runs/energy_m4_reexec_load/mri_q/power_report_status.txt,tar_member,power,28
w16_tmp_archive,/workspace/tmp/mascar_w16_energy_raw_logs_20260605_132658.tar.gz:experiments/paper-mascar/energy/W16C/results/w16_energy_actual/runs/energy_baseline_off/spmv/stdout.log,tar_member,energy,154
w16_tmp_archive,/workspace/tmp/mascar_w16_energy_raw_logs_20260605_132658.tar.gz:experiments/paper-mascar/energy/W16C/results/w16_energy_actual/runs/energy_baseline_off/spmv/combined.log,tar_member,energy,154
w16_tmp_archive,/workspace/tmp/mascar_w16_energy_raw_logs_20260605_132658.tar.gz:experiments/paper-mascar/energy/W16C/results/w16_energy_actual/runs/energy_baseline_off/spmv/env.txt,tar_member,energy,407
w16_tmp_archive,/workspace/tmp/mascar_w16_energy_raw_logs_20260605_132658.tar.gz:experiments/paper-mascar/energy/W16C/results/w16_energy_actual/runs/energy_baseline_off/spmv/command.txt,tar_member,energy,106
w16_tmp_archive,/workspace/tmp/mascar_w16_energy_raw_logs_20260605_132658.tar.gz:experiments/paper-mascar/energy/W16C/results/w16_energy_actual/runs/energy_baseline_off/spmv/spmv.log,tar_member,AccelWattch|power,6410643
w16_tmp_archive,/workspace/tmp/mascar_w16_energy_raw_logs_20260605_132658.tar.gz:experiments/paper-mascar/energy/W16C/results/w16_energy_actual/runs/energy_baseline_off/spmv/power_report_status.txt,tar_member,power,28
w16_tmp_archive,/workspace/tmp/mascar_w16_energy_raw_logs_20260605_132658.tar.gz:experiments/paper-mascar/energy/W16C/results/w16_energy_actual/runs/energy_baseline_off/pathfinder/stdout.log,tar_member,energy,166
w16_tmp_archive,/workspace/tmp/mascar_w16_energy_raw_logs_20260605_132658.tar.gz:experiments/paper-mascar/energy/W16C/results/w16_energy_actual/runs/energy_baseline_off/pathfinder/combined.log,tar_member,energy,166
w16_tmp_archive,/workspace/tmp/mascar_w16_energy_raw_logs_20260605_132658.tar.gz:experiments/paper-mascar/energy/W16C/results/w16_energy_actual/runs/energy_baseline_off/pathfinder/pathfinder.log,tar_member,AccelWattch|power,4392610
w16_tmp_archive,/workspace/tmp/mascar_w16_energy_raw_logs_20260605_132658.tar.gz:experiments/paper-mascar/energy/W16C/results/w16_energy_actual/runs/energy_baseline_off/pathfinder/env.txt,tar_member,energy,413
w16_tmp_archive,/workspace/tmp/mascar_w16_energy_raw_logs_20260605_132658.tar.gz:experiments/paper-mascar/energy/W16C/results/w16_energy_actual/runs/energy_baseline_off/pathfinder/command.txt,tar_member,energy,112
w16_tmp_archive,/workspace/tmp/mascar_w16_energy_raw_logs_20260605_132658.tar.gz:experiments/paper-mascar/energy/W16C/results/w16_energy_actual/runs/energy_baseline_off/pathfinder/power_report_status.txt,tar_member,power,28
w16_tmp_archive,/workspace/tmp/mascar_w16_energy_raw_logs_20260605_132658.tar.gz:experiments/paper-mascar/energy/W16C/results/w16_energy_actual/runs/energy_baseline_off/mri_q/stdout.log,tar_member,energy,156
w16_tmp_archive,/workspace/tmp/mascar_w16_energy_raw_logs_20260605_132658.tar.gz:experiments/paper-mascar/energy/W16C/results/w16_energy_actual/runs/energy_baseline_off/mri_q/mri_q.log,tar_member,AccelWattch|power,329602
w16_tmp_archive,/workspace/tmp/mascar_w16_energy_raw_logs_20260605_132658.tar.gz:experiments/paper-mascar/energy/W16C/results/w16_energy_actual/runs/energy_baseline_off/mri_q/combined.log,tar_member,energy,156
w16_tmp_archive,/workspace/tmp/mascar_w16_energy_raw_logs_20260605_132658.tar.gz:experiments/paper-mascar/energy/W16C/results/w16_energy_actual/runs/energy_baseline_off/mri_q/env.txt,tar_member,energy,408
w16_tmp_archive,/workspace/tmp/mascar_w16_energy_raw_logs_20260605_132658.tar.gz:experiments/paper-mascar/energy/W16C/results/w16_energy_actual/runs/energy_baseline_off/mri_q/command.txt,tar_member,energy,107
w16_tmp_archive,/workspace/tmp/mascar_w16_energy_raw_logs_20260605_132658.tar.gz:experiments/paper-mascar/energy/W16C/results/w16_energy_actual/runs/energy_baseline_off/mri_q/power_report_status.txt,tar_member,power,28
w16_tmp_archive,/workspace/tmp/mascar_w16_energy_raw_logs_20260605_132658.tar.gz:experiments/paper-mascar/energy/W16C/results/w16_energy_actual/results.csv,tar_member,energy|gpu_tot_avg_power|gpu_tot_max_power|kernel_avg_power|kernel_max_power|power,5049
w16_tmp_archive,/workspace/tmp/mascar_w16_energy_raw_logs_20260605_132658.tar.gz:experiments/paper-mascar/energy/W16C/results/w16_energy_actual/run_manifest.csv,tar_member,energy,3456
w16_tmp_archive,/workspace/tmp/mascar_w16_energy_raw_logs_20260605_132658.tar.gz:experiments/paper-mascar/energy/W16C/results/w16_energy_actual/summary.md,tar_member,energy|power,431
w16_tmp_archive,/workspace/tmp/mascar_w16_energy_raw_logs_20260605_132658.tar.gz:experiments/paper-mascar/energy/W16C/results/w16_energy_actual_rerun/status_matrix.csv,tar_member,energy,273
w16_tmp_archive,/workspace/tmp/mascar_w16_energy_raw_logs_20260605_132658.tar.gz:experiments/paper-mascar/energy/W16C/results/w16_energy_actual_rerun/runs/energy_m4_reexec_load/spmv/stdout.log,tar_member,energy,162
w16_tmp_archive,/workspace/tmp/mascar_w16_energy_raw_logs_20260605_132658.tar.gz:experiments/paper-mascar/energy/W16C/results/w16_energy_actual_rerun/runs/energy_m4_reexec_load/spmv/combined.log,tar_member,energy,162
w16_tmp_archive,/workspace/tmp/mascar_w16_energy_raw_logs_20260605_132658.tar.gz:experiments/paper-mascar/energy/W16C/results/w16_energy_actual_rerun/runs/energy_m4_reexec_load/spmv/env.txt,tar_member,energy,420
w16_tmp_archive,/workspace/tmp/mascar_w16_energy_raw_logs_20260605_132658.tar.gz:experiments/paper-mascar/energy/W16C/results/w16_energy_actual_rerun/runs/energy_m4_reexec_load/spmv/command.txt,tar_member,energy,106
w16_tmp_archive,/workspace/tmp/mascar_w16_energy_raw_logs_20260605_132658.tar.gz:experiments/paper-mascar/energy/W16C/results/w16_energy_actual_rerun/runs/energy_m4_reexec_load/spmv/spmv.log,tar_member,AccelWattch|energy|power,34294
w16_tmp_archive,/workspace/tmp/mascar_w16_energy_raw_logs_20260605_132658.tar.gz:experiments/paper-mascar/energy/W16C/results/w16_energy_actual_rerun/runs/energy_m4_reexec_load/spmv/power_report_status.txt,tar_member,power,28
w16_tmp_archive,/workspace/tmp/mascar_w16_energy_raw_logs_20260605_132658.tar.gz:experiments/paper-mascar/energy/W16C/results/w16_energy_actual_rerun/runs/energy_m4_reexec_load/pathfinder/stdout.log,tar_member,energy,174
w16_tmp_archive,/workspace/tmp/mascar_w16_energy_raw_logs_20260605_132658.tar.gz:experiments/paper-mascar/energy/W16C/results/w16_energy_actual_rerun/runs/energy_m4_reexec_load/pathfinder/combined.log,tar_member,energy,174
w16_tmp_archive,/workspace/tmp/mascar_w16_energy_raw_logs_20260605_132658.tar.gz:experiments/paper-mascar/energy/W16C/results/w16_energy_actual_rerun/runs/energy_m4_reexec_load/pathfinder/pathfinder.log,tar_member,AccelWattch|energy|power,34342
w16_tmp_archive,/workspace/tmp/mascar_w16_energy_raw_logs_20260605_132658.tar.gz:experiments/paper-mascar/energy/W16C/results/w16_energy_actual_rerun/runs/energy_m4_reexec_load/pathfinder/env.txt,tar_member,energy,426
w16_tmp_archive,/workspace/tmp/mascar_w16_energy_raw_logs_20260605_132658.tar.gz:experiments/paper-mascar/energy/W16C/results/w16_energy_actual_rerun/runs/energy_m4_reexec_load/pathfinder/command.txt,tar_member,energy,112
w16_tmp_archive,/workspace/tmp/mascar_w16_energy_raw_logs_20260605_132658.tar.gz:experiments/paper-mascar/energy/W16C/results/w16_energy_actual_rerun/runs/energy_m4_reexec_load/pathfinder/power_report_status.txt,tar_member,power,28
w16_tmp_archive,/workspace/tmp/mascar_w16_energy_raw_logs_20260605_132658.tar.gz:experiments/paper-mascar/energy/W16C/results/w16_energy_actual_rerun/runs/energy_m4_reexec_load/mri_q/stdout.log,tar_member,energy,164
w16_tmp_archive,/workspace/tmp/mascar_w16_energy_raw_logs_20260605_132658.tar.gz:experiments/paper-mascar/energy/W16C/results/w16_energy_actual_rerun/runs/energy_m4_reexec_load/mri_q/mri_q.log,tar_member,AccelWattch|energy|power,34312
w16_tmp_archive,/workspace/tmp/mascar_w16_energy_raw_logs_20260605_132658.tar.gz:experiments/paper-mascar/energy/W16C/results/w16_energy_actual_rerun/runs/energy_m4_reexec_load/mri_q/combined.log,tar_member,energy,164
w16_tmp_archive,/workspace/tmp/mascar_w16_energy_raw_logs_20260605_132658.tar.gz:experiments/paper-mascar/energy/W16C/results/w16_energy_actual_rerun/runs/energy_m4_reexec_load/mri_q/env.txt,tar_member,energy,421
w16_tmp_archive,/workspace/tmp/mascar_w16_energy_raw_logs_20260605_132658.tar.gz:experiments/paper-mascar/energy/W16C/results/w16_energy_actual_rerun/runs/energy_m4_reexec_load/mri_q/command.txt,tar_member,energy,107
w16_tmp_archive,/workspace/tmp/mascar_w16_energy_raw_logs_20260605_132658.tar.gz:experiments/paper-mascar/energy/W16C/results/w16_energy_actual_rerun/runs/energy_m4_reexec_load/mri_q/power_report_status.txt,tar_member,power,28
w16_tmp_archive,/workspace/tmp/mascar_w16_energy_raw_logs_20260605_132658.tar.gz:experiments/paper-mascar/energy/W16C/results/w16_energy_actual_rerun/runs/energy_baseline_off/spmv/stdout.log,tar_member,energy,160
w16_tmp_archive,/workspace/tmp/mascar_w16_energy_raw_logs_20260605_132658.tar.gz:experiments/paper-mascar/energy/W16C/results/w16_energy_actual_rerun/runs/energy_baseline_off/spmv/combined.log,tar_member,energy,160
w16_tmp_archive,/workspace/tmp/mascar_w16_energy_raw_logs_20260605_132658.tar.gz:experiments/paper-mascar/energy/W16C/results/w16_energy_actual_rerun/runs/energy_baseline_off/spmv/env.txt,tar_member,energy,413
w16_tmp_archive,/workspace/tmp/mascar_w16_energy_raw_logs_20260605_132658.tar.gz:experiments/paper-mascar/energy/W16C/results/w16_energy_actual_rerun/runs/energy_baseline_off/spmv/command.txt,tar_member,energy,106
w16_tmp_archive,/workspace/tmp/mascar_w16_energy_raw_logs_20260605_132658.tar.gz:experiments/paper-mascar/energy/W16C/results/w16_energy_actual_rerun/runs/energy_baseline_off/spmv/spmv.log,tar_member,AccelWattch|energy|power,34284
w16_tmp_archive,/workspace/tmp/mascar_w16_energy_raw_logs_20260605_132658.tar.gz:experiments/paper-mascar/energy/W16C/results/w16_energy_actual_rerun/runs/energy_baseline_off/spmv/power_report_status.txt,tar_member,power,28
w16_tmp_archive,/workspace/tmp/mascar_w16_energy_raw_logs_20260605_132658.tar.gz:experiments/paper-mascar/energy/W16C/results/w16_energy_actual_rerun/runs/energy_baseline_off/pathfinder/stdout.log,tar_member,energy,172
w16_tmp_archive,/workspace/tmp/mascar_w16_energy_raw_logs_20260605_132658.tar.gz:experiments/paper-mascar/energy/W16C/results/w16_energy_actual_rerun/runs/energy_baseline_off/pathfinder/combined.log,tar_member,energy,172
w16_tmp_archive,/workspace/tmp/mascar_w16_energy_raw_logs_20260605_132658.tar.gz:experiments/paper-mascar/energy/W16C/results/w16_energy_actual_rerun/runs/energy_baseline_off/pathfinder/pathfinder.log,tar_member,AccelWattch|energy|power,34332
w16_tmp_archive,/workspace/tmp/mascar_w16_energy_raw_logs_20260605_132658.tar.gz:experiments/paper-mascar/energy/W16C/results/w16_energy_actual_rerun/runs/energy_baseline_off/pathfinder/env.txt,tar_member,energy,419
w16_tmp_archive,/workspace/tmp/mascar_w16_energy_raw_logs_20260605_132658.tar.gz:experiments/paper-mascar/energy/W16C/results/w16_energy_actual_rerun/runs/energy_baseline_off/pathfinder/command.txt,tar_member,energy,112
w16_tmp_archive,/workspace/tmp/mascar_w16_energy_raw_logs_20260605_132658.tar.gz:experiments/paper-mascar/energy/W16C/results/w16_energy_actual_rerun/runs/energy_baseline_off/pathfinder/power_report_status.txt,tar_member,power,28
w16_tmp_archive,/workspace/tmp/mascar_w16_energy_raw_logs_20260605_132658.tar.gz:experiments/paper-mascar/energy/W16C/results/w16_energy_actual_rerun/runs/energy_baseline_off/mri_q/stdout.log,tar_member,energy,162
w16_tmp_archive,/workspace/tmp/mascar_w16_energy_raw_logs_20260605_132658.tar.gz:experiments/paper-mascar/energy/W16C/results/w16_energy_actual_rerun/runs/energy_baseline_off/mri_q/mri_q.log,tar_member,AccelWattch|energy|power,34302
w16_tmp_archive,/workspace/tmp/mascar_w16_energy_raw_logs_20260605_132658.tar.gz:experiments/paper-mascar/energy/W16C/results/w16_energy_actual_rerun/runs/energy_baseline_off/mri_q/combined.log,tar_member,energy,162
w16_tmp_archive,/workspace/tmp/mascar_w16_energy_raw_logs_20260605_132658.tar.gz:experiments/paper-mascar/energy/W16C/results/w16_energy_actual_rerun/runs/energy_baseline_off/mri_q/env.txt,tar_member,energy,414
w16_tmp_archive,/workspace/tmp/mascar_w16_energy_raw_logs_20260605_132658.tar.gz:experiments/paper-mascar/energy/W16C/results/w16_energy_actual_rerun/runs/energy_baseline_off/mri_q/command.txt,tar_member,energy,107
w16_tmp_archive,/workspace/tmp/mascar_w16_energy_raw_logs_20260605_132658.tar.gz:experiments/paper-mascar/energy/W16C/results/w16_energy_actual_rerun/runs/energy_baseline_off/mri_q/power_report_status.txt,tar_member,power,28
w16_tmp_archive,/workspace/tmp/mascar_w16_energy_raw_logs_20260605_132658.tar.gz:experiments/paper-mascar/energy/W16C/results/w16_energy_actual_rerun/results.csv,tar_member,energy|gpu_tot_avg_power|gpu_tot_max_power|kernel_avg_power|kernel_max_power|power,4561
w16_tmp_archive,/workspace/tmp/mascar_w16_energy_raw_logs_20260605_132658.tar.gz:experiments/paper-mascar/energy/W16C/results/w16_energy_actual_rerun/run_manifest.csv,tar_member,energy,3564
w16_tmp_archive,/workspace/tmp/mascar_w16_energy_raw_logs_20260605_132658.tar.gz:experiments/paper-mascar/energy/W16C/results/w16_energy_actual_rerun/summary.md,tar_member,energy|power,338
w16_tmp_archive,/workspace/tmp/mascar_w16_energy_raw_logs_20260605_132658.tar.gz:experiments/paper-mascar/energy/W16C/results/w16_energy_actual_xmlfix/status_matrix.csv,tar_member,energy,279
w16_tmp_archive,/workspace/tmp/mascar_w16_energy_raw_logs_20260605_132658.tar.gz:experiments/paper-mascar/energy/W16C/results/w16_energy_actual_xmlfix/runs/energy_m4_reexec_load/spmv/stdout.log,tar_member,energy,163
w16_tmp_archive,/workspace/tmp/mascar_w16_energy_raw_logs_20260605_132658.tar.gz:experiments/paper-mascar/energy/W16C/results/w16_energy_actual_xmlfix/runs/energy_m4_reexec_load/spmv/combined.log,tar_member,energy,163
w16_tmp_archive,/workspace/tmp/mascar_w16_energy_raw_logs_20260605_132658.tar.gz:experiments/paper-mascar/energy/W16C/results/w16_energy_actual_xmlfix/runs/energy_m4_reexec_load/spmv/env.txt,tar_member,energy,421
w16_tmp_archive,/workspace/tmp/mascar_w16_energy_raw_logs_20260605_132658.tar.gz:experiments/paper-mascar/energy/W16C/results/w16_energy_actual_xmlfix/runs/energy_m4_reexec_load/spmv/command.txt,tar_member,energy,106
w16_tmp_archive,/workspace/tmp/mascar_w16_energy_raw_logs_20260605_132658.tar.gz:experiments/paper-mascar/energy/W16C/results/w16_energy_actual_xmlfix/runs/energy_m4_reexec_load/spmv/spmv.log,tar_member,AccelWattch|energy|power,6410993
w16_tmp_archive,/workspace/tmp/mascar_w16_energy_raw_logs_20260605_132658.tar.gz:experiments/paper-mascar/energy/W16C/results/w16_energy_actual_xmlfix/runs/energy_m4_reexec_load/spmv/power_report_status.txt,tar_member,power,28
w16_tmp_archive,/workspace/tmp/mascar_w16_energy_raw_logs_20260605_132658.tar.gz:experiments/paper-mascar/energy/W16C/results/w16_energy_actual_xmlfix/runs/energy_m4_reexec_load/pathfinder/stdout.log,tar_member,energy,175
w16_tmp_archive,/workspace/tmp/mascar_w16_energy_raw_logs_20260605_132658.tar.gz:experiments/paper-mascar/energy/W16C/results/w16_energy_actual_xmlfix/runs/energy_m4_reexec_load/pathfinder/combined.log,tar_member,energy,175
w16_tmp_archive,/workspace/tmp/mascar_w16_energy_raw_logs_20260605_132658.tar.gz:experiments/paper-mascar/energy/W16C/results/w16_energy_actual_xmlfix/runs/energy_m4_reexec_load/pathfinder/pathfinder.log,tar_member,AccelWattch|energy|power,4393317
w16_tmp_archive,/workspace/tmp/mascar_w16_energy_raw_logs_20260605_132658.tar.gz:experiments/paper-mascar/energy/W16C/results/w16_energy_actual_xmlfix/runs/energy_m4_reexec_load/pathfinder/env.txt,tar_member,energy,427
w16_tmp_archive,/workspace/tmp/mascar_w16_energy_raw_logs_20260605_132658.tar.gz:experiments/paper-mascar/energy/W16C/results/w16_energy_actual_xmlfix/runs/energy_m4_reexec_load/pathfinder/command.txt,tar_member,energy,112
w16_tmp_archive,/workspace/tmp/mascar_w16_energy_raw_logs_20260605_132658.tar.gz:experiments/paper-mascar/energy/W16C/results/w16_energy_actual_xmlfix/runs/energy_m4_reexec_load/pathfinder/power_report_status.txt,tar_member,power,28
w16_tmp_archive,/workspace/tmp/mascar_w16_energy_raw_logs_20260605_132658.tar.gz:experiments/paper-mascar/energy/W16C/results/w16_energy_actual_xmlfix/runs/energy_m4_reexec_load/mri_q/stdout.log,tar_member,energy,165
w16_tmp_archive,/workspace/tmp/mascar_w16_energy_raw_logs_20260605_132658.tar.gz:experiments/paper-mascar/energy/W16C/results/w16_energy_actual_xmlfix/runs/energy_m4_reexec_load/mri_q/mri_q.log,tar_member,AccelWattch|energy|power,329963
w16_tmp_archive,/workspace/tmp/mascar_w16_energy_raw_logs_20260605_132658.tar.gz:experiments/paper-mascar/energy/W16C/results/w16_energy_actual_xmlfix/runs/energy_m4_reexec_load/mri_q/combined.log,tar_member,energy,165
w16_tmp_archive,/workspace/tmp/mascar_w16_energy_raw_logs_20260605_132658.tar.gz:experiments/paper-mascar/energy/W16C/results/w16_energy_actual_xmlfix/runs/energy_m4_reexec_load/mri_q/env.txt,tar_member,energy,422
w16_tmp_archive,/workspace/tmp/mascar_w16_energy_raw_logs_20260605_132658.tar.gz:experiments/paper-mascar/energy/W16C/results/w16_energy_actual_xmlfix/runs/energy_m4_reexec_load/mri_q/command.txt,tar_member,energy,107
w16_tmp_archive,/workspace/tmp/mascar_w16_energy_raw_logs_20260605_132658.tar.gz:experiments/paper-mascar/energy/W16C/results/w16_energy_actual_xmlfix/runs/energy_m4_reexec_load/mri_q/power_report_status.txt,tar_member,power,28
w16_tmp_archive,/workspace/tmp/mascar_w16_energy_raw_logs_20260605_132658.tar.gz:experiments/paper-mascar/energy/W16C/results/w16_energy_actual_xmlfix/runs/energy_baseline_off/spmv/stdout.log,tar_member,energy,161
w16_tmp_archive,/workspace/tmp/mascar_w16_energy_raw_logs_20260605_132658.tar.gz:experiments/paper-mascar/energy/W16C/results/w16_energy_actual_xmlfix/runs/energy_baseline_off/spmv/combined.log,tar_member,energy,161
w16_tmp_archive,/workspace/tmp/mascar_w16_energy_raw_logs_20260605_132658.tar.gz:experiments/paper-mascar/energy/W16C/results/w16_energy_actual_xmlfix/runs/energy_baseline_off/spmv/env.txt,tar_member,energy,414
w16_tmp_archive,/workspace/tmp/mascar_w16_energy_raw_logs_20260605_132658.tar.gz:experiments/paper-mascar/energy/W16C/results/w16_energy_actual_xmlfix/runs/energy_baseline_off/spmv/command.txt,tar_member,energy,106
w16_tmp_archive,/workspace/tmp/mascar_w16_energy_raw_logs_20260605_132658.tar.gz:experiments/paper-mascar/energy/W16C/results/w16_energy_actual_xmlfix/runs/energy_baseline_off/spmv/spmv.log,tar_member,AccelWattch|energy|power,6409174
w16_tmp_archive,/workspace/tmp/mascar_w16_energy_raw_logs_20260605_132658.tar.gz:experiments/paper-mascar/energy/W16C/results/w16_energy_actual_xmlfix/runs/energy_baseline_off/spmv/power_report_status.txt,tar_member,power,28
w16_tmp_archive,/workspace/tmp/mascar_w16_energy_raw_logs_20260605_132658.tar.gz:experiments/paper-mascar/energy/W16C/results/w16_energy_actual_xmlfix/runs/energy_baseline_off/pathfinder/stdout.log,tar_member,energy,173
w16_tmp_archive,/workspace/tmp/mascar_w16_energy_raw_logs_20260605_132658.tar.gz:experiments/paper-mascar/energy/W16C/results/w16_energy_actual_xmlfix/runs/energy_baseline_off/pathfinder/combined.log,tar_member,energy,173
w16_tmp_archive,/workspace/tmp/mascar_w16_energy_raw_logs_20260605_132658.tar.gz:experiments/paper-mascar/energy/W16C/results/w16_energy_actual_xmlfix/runs/energy_baseline_off/pathfinder/pathfinder.log,tar_member,AccelWattch|energy|power,4393663
w16_tmp_archive,/workspace/tmp/mascar_w16_energy_raw_logs_20260605_132658.tar.gz:experiments/paper-mascar/energy/W16C/results/w16_energy_actual_xmlfix/runs/energy_baseline_off/pathfinder/env.txt,tar_member,energy,420
w16_tmp_archive,/workspace/tmp/mascar_w16_energy_raw_logs_20260605_132658.tar.gz:experiments/paper-mascar/energy/W16C/results/w16_energy_actual_xmlfix/runs/energy_baseline_off/pathfinder/command.txt,tar_member,energy,112
w16_tmp_archive,/workspace/tmp/mascar_w16_energy_raw_logs_20260605_132658.tar.gz:experiments/paper-mascar/energy/W16C/results/w16_energy_actual_xmlfix/runs/energy_baseline_off/pathfinder/power_report_status.txt,tar_member,power,28
w16_tmp_archive,/workspace/tmp/mascar_w16_energy_raw_logs_20260605_132658.tar.gz:experiments/paper-mascar/energy/W16C/results/w16_energy_actual_xmlfix/runs/energy_baseline_off/mri_q/stdout.log,tar_member,energy,163
w16_tmp_archive,/workspace/tmp/mascar_w16_energy_raw_logs_20260605_132658.tar.gz:experiments/paper-mascar/energy/W16C/results/w16_energy_actual_xmlfix/runs/energy_baseline_off/mri_q/mri_q.log,tar_member,AccelWattch|energy|power,329929
w16_tmp_archive,/workspace/tmp/mascar_w16_energy_raw_logs_20260605_132658.tar.gz:experiments/paper-mascar/energy/W16C/results/w16_energy_actual_xmlfix/runs/energy_baseline_off/mri_q/combined.log,tar_member,energy,163
w16_tmp_archive,/workspace/tmp/mascar_w16_energy_raw_logs_20260605_132658.tar.gz:experiments/paper-mascar/energy/W16C/results/w16_energy_actual_xmlfix/runs/energy_baseline_off/mri_q/env.txt,tar_member,energy,415
w16_tmp_archive,/workspace/tmp/mascar_w16_energy_raw_logs_20260605_132658.tar.gz:experiments/paper-mascar/energy/W16C/results/w16_energy_actual_xmlfix/runs/energy_baseline_off/mri_q/command.txt,tar_member,energy,107
w16_tmp_archive,/workspace/tmp/mascar_w16_energy_raw_logs_20260605_132658.tar.gz:experiments/paper-mascar/energy/W16C/results/w16_energy_actual_xmlfix/runs/energy_baseline_off/mri_q/power_report_status.txt,tar_member,power,28
w16_tmp_archive,/workspace/tmp/mascar_w16_energy_raw_logs_20260605_132658.tar.gz:experiments/paper-mascar/energy/W16C/results/w16_energy_actual_xmlfix/results.csv,tar_member,energy|gpu_tot_avg_power|gpu_tot_max_power|kernel_avg_power|kernel_max_power|power,5074
w16_tmp_archive,/workspace/tmp/mascar_w16_energy_raw_logs_20260605_132658.tar.gz:experiments/paper-mascar/energy/W16C/results/w16_energy_actual_xmlfix/run_manifest.csv,tar_member,energy,3498
w16_tmp_archive,/workspace/tmp/mascar_w16_energy_raw_logs_20260605_132658.tar.gz:experiments/paper-mascar/energy/W16C/results/w16_energy_actual_xmlfix/summary.md,tar_member,energy|power,431
w16_tmp_archive,/workspace/tmp/mascar_w16_energy_raw_logs_20260605_132658.tar.gz:experiments/paper-mascar/energy/W16C/results/w16_energy_actual_powercopy/status_matrix.csv,tar_member,energy|power,279
w16_tmp_archive,/workspace/tmp/mascar_w16_energy_raw_logs_20260605_132658.tar.gz:experiments/paper-mascar/energy/W16C/results/w16_energy_actual_powercopy/runs/energy_m4_reexec_load/spmv/stderr.log,tar_member,power,0
w16_tmp_archive,/workspace/tmp/mascar_w16_energy_raw_logs_20260605_132658.tar.gz:experiments/paper-mascar/energy/W16C/results/w16_energy_actual_powercopy/runs/energy_m4_reexec_load/spmv/stdout.log,tar_member,energy|power,166
w16_tmp_archive,/workspace/tmp/mascar_w16_energy_raw_logs_20260605_132658.tar.gz:experiments/paper-mascar/energy/W16C/results/w16_energy_actual_powercopy/runs/energy_m4_reexec_load/spmv/exit_code.txt,tar_member,power,2
w16_tmp_archive,/workspace/tmp/mascar_w16_energy_raw_logs_20260605_132658.tar.gz:experiments/paper-mascar/energy/W16C/results/w16_energy_actual_powercopy/runs/energy_m4_reexec_load/spmv/gpgpusim.config,tar_member,AccelWattch|energy|power,10744
w16_tmp_archive,/workspace/tmp/mascar_w16_energy_raw_logs_20260605_132658.tar.gz:experiments/paper-mascar/energy/W16C/results/w16_energy_actual_powercopy/runs/energy_m4_reexec_load/spmv/combined.log,tar_member,energy|power,166
w16_tmp_archive,/workspace/tmp/mascar_w16_energy_raw_logs_20260605_132658.tar.gz:experiments/paper-mascar/energy/W16C/results/w16_energy_actual_powercopy/runs/energy_m4_reexec_load/spmv/env.txt,tar_member,energy|power,424
w16_tmp_archive,/workspace/tmp/mascar_w16_energy_raw_logs_20260605_132658.tar.gz:experiments/paper-mascar/energy/W16C/results/w16_energy_actual_powercopy/runs/energy_m4_reexec_load/spmv/command.txt,tar_member,energy|power,106
w16_tmp_archive,/workspace/tmp/mascar_w16_energy_raw_logs_20260605_132658.tar.gz:experiments/paper-mascar/energy/W16C/results/w16_energy_actual_powercopy/runs/energy_m4_reexec_load/spmv/spmv.log,tar_member,AccelWattch|energy|power,6410945
w16_tmp_archive,/workspace/tmp/mascar_w16_energy_raw_logs_20260605_132658.tar.gz:experiments/paper-mascar/energy/W16C/results/w16_energy_actual_powercopy/runs/energy_m4_reexec_load/spmv/config_volta_islip.icnt,tar_member,power,1352
w16_tmp_archive,/workspace/tmp/mascar_w16_energy_raw_logs_20260605_132658.tar.gz:experiments/paper-mascar/energy/W16C/results/w16_energy_actual_powercopy/runs/energy_m4_reexec_load/spmv/power_report_status.txt,tar_member,power,28
w16_tmp_archive,/workspace/tmp/mascar_w16_energy_raw_logs_20260605_132658.tar.gz:experiments/paper-mascar/energy/W16C/results/w16_energy_actual_powercopy/runs/energy_m4_reexec_load/pathfinder/stderr.log,tar_member,power,0
w16_tmp_archive,/workspace/tmp/mascar_w16_energy_raw_logs_20260605_132658.tar.gz:experiments/paper-mascar/energy/W16C/results/w16_energy_actual_powercopy/runs/energy_m4_reexec_load/pathfinder/stdout.log,tar_member,energy|power,178
w16_tmp_archive,/workspace/tmp/mascar_w16_energy_raw_logs_20260605_132658.tar.gz:experiments/paper-mascar/energy/W16C/results/w16_energy_actual_powercopy/runs/energy_m4_reexec_load/pathfinder/exit_code.txt,tar_member,power,2
w16_tmp_archive,/workspace/tmp/mascar_w16_energy_raw_logs_20260605_132658.tar.gz:experiments/paper-mascar/energy/W16C/results/w16_energy_actual_powercopy/runs/energy_m4_reexec_load/pathfinder/gpgpusim.config,tar_member,AccelWattch|energy|power,10744
w16_tmp_archive,/workspace/tmp/mascar_w16_energy_raw_logs_20260605_132658.tar.gz:experiments/paper-mascar/energy/W16C/results/w16_energy_actual_powercopy/runs/energy_m4_reexec_load/pathfinder/combined.log,tar_member,energy|power,178
w16_tmp_archive,/workspace/tmp/mascar_w16_energy_raw_logs_20260605_132658.tar.gz:experiments/paper-mascar/energy/W16C/results/w16_energy_actual_powercopy/runs/energy_m4_reexec_load/pathfinder/pathfinder.log,tar_member,AccelWattch|energy|power,4393291
w16_tmp_archive,/workspace/tmp/mascar_w16_energy_raw_logs_20260605_132658.tar.gz:experiments/paper-mascar/energy/W16C/results/w16_energy_actual_powercopy/runs/energy_m4_reexec_load/pathfinder/env.txt,tar_member,energy|power,430
w16_tmp_archive,/workspace/tmp/mascar_w16_energy_raw_logs_20260605_132658.tar.gz:experiments/paper-mascar/energy/W16C/results/w16_energy_actual_powercopy/runs/energy_m4_reexec_load/pathfinder/command.txt,tar_member,energy|power,112
w16_tmp_archive,/workspace/tmp/mascar_w16_energy_raw_logs_20260605_132658.tar.gz:experiments/paper-mascar/energy/W16C/results/w16_energy_actual_powercopy/runs/energy_m4_reexec_load/pathfinder/config_volta_islip.icnt,tar_member,power,1352
w16_tmp_archive,/workspace/tmp/mascar_w16_energy_raw_logs_20260605_132658.tar.gz:experiments/paper-mascar/energy/W16C/results/w16_energy_actual_powercopy/runs/energy_m4_reexec_load/pathfinder/power_report_status.txt,tar_member,power,28
w16_tmp_archive,/workspace/tmp/mascar_w16_energy_raw_logs_20260605_132658.tar.gz:experiments/paper-mascar/energy/W16C/results/w16_energy_actual_powercopy/runs/energy_m4_reexec_load/mri_q/stderr.log,tar_member,power,0
w16_tmp_archive,/workspace/tmp/mascar_w16_energy_raw_logs_20260605_132658.tar.gz:experiments/paper-mascar/energy/W16C/results/w16_energy_actual_powercopy/runs/energy_m4_reexec_load/mri_q/stdout.log,tar_member,energy|power,168
w16_tmp_archive,/workspace/tmp/mascar_w16_energy_raw_logs_20260605_132658.tar.gz:experiments/paper-mascar/energy/W16C/results/w16_energy_actual_powercopy/runs/energy_m4_reexec_load/mri_q/exit_code.txt,tar_member,power,2
w16_tmp_archive,/workspace/tmp/mascar_w16_energy_raw_logs_20260605_132658.tar.gz:experiments/paper-mascar/energy/W16C/results/w16_energy_actual_powercopy/runs/energy_m4_reexec_load/mri_q/gpgpusim.config,tar_member,AccelWattch|energy|power,10744
w16_tmp_archive,/workspace/tmp/mascar_w16_energy_raw_logs_20260605_132658.tar.gz:experiments/paper-mascar/energy/W16C/results/w16_energy_actual_powercopy/runs/energy_m4_reexec_load/mri_q/mri_q.log,tar_member,AccelWattch|energy|power,329963
w16_tmp_archive,/workspace/tmp/mascar_w16_energy_raw_logs_20260605_132658.tar.gz:experiments/paper-mascar/energy/W16C/results/w16_energy_actual_powercopy/runs/energy_m4_reexec_load/mri_q/combined.log,tar_member,energy|power,168
w16_tmp_archive,/workspace/tmp/mascar_w16_energy_raw_logs_20260605_132658.tar.gz:experiments/paper-mascar/energy/W16C/results/w16_energy_actual_powercopy/runs/energy_m4_reexec_load/mri_q/env.txt,tar_member,energy|power,425
w16_tmp_archive,/workspace/tmp/mascar_w16_energy_raw_logs_20260605_132658.tar.gz:experiments/paper-mascar/energy/W16C/results/w16_energy_actual_powercopy/runs/energy_m4_reexec_load/mri_q/command.txt,tar_member,energy|power,107
w16_tmp_archive,/workspace/tmp/mascar_w16_energy_raw_logs_20260605_132658.tar.gz:experiments/paper-mascar/energy/W16C/results/w16_energy_actual_powercopy/runs/energy_m4_reexec_load/mri_q/config_volta_islip.icnt,tar_member,power,1352
w16_tmp_archive,/workspace/tmp/mascar_w16_energy_raw_logs_20260605_132658.tar.gz:experiments/paper-mascar/energy/W16C/results/w16_energy_actual_powercopy/runs/energy_m4_reexec_load/mri_q/power_report_status.txt,tar_member,power,28
w16_tmp_archive,/workspace/tmp/mascar_w16_energy_raw_logs_20260605_132658.tar.gz:experiments/paper-mascar/energy/W16C/results/w16_energy_actual_powercopy/runs/energy_baseline_off/spmv/stderr.log,tar_member,power,0
w16_tmp_archive,/workspace/tmp/mascar_w16_energy_raw_logs_20260605_132658.tar.gz:experiments/paper-mascar/energy/W16C/results/w16_energy_actual_powercopy/runs/energy_baseline_off/spmv/stdout.log,tar_member,energy|power,164
w16_tmp_archive,/workspace/tmp/mascar_w16_energy_raw_logs_20260605_132658.tar.gz:experiments/paper-mascar/energy/W16C/results/w16_energy_actual_powercopy/runs/energy_baseline_off/spmv/exit_code.txt,tar_member,power,2
w16_tmp_archive,/workspace/tmp/mascar_w16_energy_raw_logs_20260605_132658.tar.gz:experiments/paper-mascar/energy/W16C/results/w16_energy_actual_powercopy/runs/energy_baseline_off/spmv/gpgpusim.config,tar_member,AccelWattch|energy|power,9844
w16_tmp_archive,/workspace/tmp/mascar_w16_energy_raw_logs_20260605_132658.tar.gz:experiments/paper-mascar/energy/W16C/results/w16_energy_actual_powercopy/runs/energy_baseline_off/spmv/combined.log,tar_member,energy|power,164
w16_tmp_archive,/workspace/tmp/mascar_w16_energy_raw_logs_20260605_132658.tar.gz:experiments/paper-mascar/energy/W16C/results/w16_energy_actual_powercopy/runs/energy_baseline_off/spmv/env.txt,tar_member,energy|power,417
w16_tmp_archive,/workspace/tmp/mascar_w16_energy_raw_logs_20260605_132658.tar.gz:experiments/paper-mascar/energy/W16C/results/w16_energy_actual_powercopy/runs/energy_baseline_off/spmv/command.txt,tar_member,energy|power,106
w16_tmp_archive,/workspace/tmp/mascar_w16_energy_raw_logs_20260605_132658.tar.gz:experiments/paper-mascar/energy/W16C/results/w16_energy_actual_powercopy/runs/energy_baseline_off/spmv/spmv.log,tar_member,AccelWattch|energy|power,6409176
w16_tmp_archive,/workspace/tmp/mascar_w16_energy_raw_logs_20260605_132658.tar.gz:experiments/paper-mascar/energy/W16C/results/w16_energy_actual_powercopy/runs/energy_baseline_off/spmv/config_volta_islip.icnt,tar_member,power,1352
w16_tmp_archive,/workspace/tmp/mascar_w16_energy_raw_logs_20260605_132658.tar.gz:experiments/paper-mascar/energy/W16C/results/w16_energy_actual_powercopy/runs/energy_baseline_off/spmv/power_report_status.txt,tar_member,power,28
w16_tmp_archive,/workspace/tmp/mascar_w16_energy_raw_logs_20260605_132658.tar.gz:experiments/paper-mascar/energy/W16C/results/w16_energy_actual_powercopy/runs/energy_baseline_off/pathfinder/stderr.log,tar_member,power,0
w16_tmp_archive,/workspace/tmp/mascar_w16_energy_raw_logs_20260605_132658.tar.gz:experiments/paper-mascar/energy/W16C/results/w16_energy_actual_powercopy/runs/energy_baseline_off/pathfinder/stdout.log,tar_member,energy|power,176
w16_tmp_archive,/workspace/tmp/mascar_w16_energy_raw_logs_20260605_132658.tar.gz:experiments/paper-mascar/energy/W16C/results/w16_energy_actual_powercopy/runs/energy_baseline_off/pathfinder/exit_code.txt,tar_member,power,2
w16_tmp_archive,/workspace/tmp/mascar_w16_energy_raw_logs_20260605_132658.tar.gz:experiments/paper-mascar/energy/W16C/results/w16_energy_actual_powercopy/runs/energy_baseline_off/pathfinder/gpgpusim.config,tar_member,AccelWattch|energy|power,9844
w16_tmp_archive,/workspace/tmp/mascar_w16_energy_raw_logs_20260605_132658.tar.gz:experiments/paper-mascar/energy/W16C/results/w16_energy_actual_powercopy/runs/energy_baseline_off/pathfinder/combined.log,tar_member,energy|power,176
w16_tmp_archive,/workspace/tmp/mascar_w16_energy_raw_logs_20260605_132658.tar.gz:experiments/paper-mascar/energy/W16C/results/w16_energy_actual_powercopy/runs/energy_baseline_off/pathfinder/pathfinder.log,tar_member,AccelWattch|energy|power,4393690
w16_tmp_archive,/workspace/tmp/mascar_w16_energy_raw_logs_20260605_132658.tar.gz:experiments/paper-mascar/energy/W16C/results/w16_energy_actual_powercopy/runs/energy_baseline_off/pathfinder/env.txt,tar_member,energy|power,423
w16_tmp_archive,/workspace/tmp/mascar_w16_energy_raw_logs_20260605_132658.tar.gz:experiments/paper-mascar/energy/W16C/results/w16_energy_actual_powercopy/runs/energy_baseline_off/pathfinder/command.txt,tar_member,energy|power,112
w16_tmp_archive,/workspace/tmp/mascar_w16_energy_raw_logs_20260605_132658.tar.gz:experiments/paper-mascar/energy/W16C/results/w16_energy_actual_powercopy/runs/energy_baseline_off/pathfinder/config_volta_islip.icnt,tar_member,power,1352
w16_tmp_archive,/workspace/tmp/mascar_w16_energy_raw_logs_20260605_132658.tar.gz:experiments/paper-mascar/energy/W16C/results/w16_energy_actual_powercopy/runs/energy_baseline_off/pathfinder/power_report_status.txt,tar_member,power,28
w16_tmp_archive,/workspace/tmp/mascar_w16_energy_raw_logs_20260605_132658.tar.gz:experiments/paper-mascar/energy/W16C/results/w16_energy_actual_powercopy/runs/energy_baseline_off/mri_q/stderr.log,tar_member,power,0
w16_tmp_archive,/workspace/tmp/mascar_w16_energy_raw_logs_20260605_132658.tar.gz:experiments/paper-mascar/energy/W16C/results/w16_energy_actual_powercopy/runs/energy_baseline_off/mri_q/stdout.log,tar_member,energy|power,166
w16_tmp_archive,/workspace/tmp/mascar_w16_energy_raw_logs_20260605_132658.tar.gz:experiments/paper-mascar/energy/W16C/results/w16_energy_actual_powercopy/runs/energy_baseline_off/mri_q/exit_code.txt,tar_member,power,2
w16_tmp_archive,/workspace/tmp/mascar_w16_energy_raw_logs_20260605_132658.tar.gz:experiments/paper-mascar/energy/W16C/results/w16_energy_actual_powercopy/runs/energy_baseline_off/mri_q/gpgpusim.config,tar_member,AccelWattch|energy|power,9844
w16_tmp_archive,/workspace/tmp/mascar_w16_energy_raw_logs_20260605_132658.tar.gz:experiments/paper-mascar/energy/W16C/results/w16_energy_actual_powercopy/runs/energy_baseline_off/mri_q/mri_q.log,tar_member,AccelWattch|energy|power,329933
w16_tmp_archive,/workspace/tmp/mascar_w16_energy_raw_logs_20260605_132658.tar.gz:experiments/paper-mascar/energy/W16C/results/w16_energy_actual_powercopy/runs/energy_baseline_off/mri_q/combined.log,tar_member,energy|power,166
w16_tmp_archive,/workspace/tmp/mascar_w16_energy_raw_logs_20260605_132658.tar.gz:experiments/paper-mascar/energy/W16C/results/w16_energy_actual_powercopy/runs/energy_baseline_off/mri_q/env.txt,tar_member,energy|power,418
w16_tmp_archive,/workspace/tmp/mascar_w16_energy_raw_logs_20260605_132658.tar.gz:experiments/paper-mascar/energy/W16C/results/w16_energy_actual_powercopy/runs/energy_baseline_off/mri_q/command.txt,tar_member,energy|power,107
w16_tmp_archive,/workspace/tmp/mascar_w16_energy_raw_logs_20260605_132658.tar.gz:experiments/paper-mascar/energy/W16C/results/w16_energy_actual_powercopy/runs/energy_baseline_off/mri_q/config_volta_islip.icnt,tar_member,power,1352
w16_tmp_archive,/workspace/tmp/mascar_w16_energy_raw_logs_20260605_132658.tar.gz:experiments/paper-mascar/energy/W16C/results/w16_energy_actual_powercopy/runs/energy_baseline_off/mri_q/power_report_status.txt,tar_member,power,28
w16_tmp_archive,/workspace/tmp/mascar_w16_energy_raw_logs_20260605_132658.tar.gz:experiments/paper-mascar/energy/W16C/results/w16_energy_actual_powercopy/results.csv,tar_member,energy|gpu_tot_avg_power|gpu_tot_max_power|kernel_avg_power|kernel_max_power|power,5092
w16_tmp_archive,/workspace/tmp/mascar_w16_energy_raw_logs_20260605_132658.tar.gz:experiments/paper-mascar/energy/W16C/results/w16_energy_actual_powercopy/run_manifest.csv,tar_member,energy|power,3516
w16_tmp_archive,/workspace/tmp/mascar_w16_energy_raw_logs_20260605_132658.tar.gz:experiments/paper-mascar/energy/W16C/results/w16_energy_actual_powercopy/summary.md,tar_member,energy|power,431
w16_tmp_archive,/workspace/tmp/mascar_w16_energy_raw_logs_20260605_132658.tar.gz:experiments/paper-mascar/energy/W16C/results/w16_energy_actual_markercopy/status_matrix.csv,tar_member,energy,297
w16_tmp_archive,/workspace/tmp/mascar_w16_energy_raw_logs_20260605_132658.tar.gz:experiments/paper-mascar/energy/W16C/results/w16_energy_actual_markercopy/runs/energy_m4_reexec_load/spmv/stdout.log,tar_member,energy,167
w16_tmp_archive,/workspace/tmp/mascar_w16_energy_raw_logs_20260605_132658.tar.gz:experiments/paper-mascar/energy/W16C/results/w16_energy_actual_markercopy/runs/energy_m4_reexec_load/spmv/combined.log,tar_member,energy,167
w16_tmp_archive,/workspace/tmp/mascar_w16_energy_raw_logs_20260605_132658.tar.gz:experiments/paper-mascar/energy/W16C/results/w16_energy_actual_markercopy/runs/energy_m4_reexec_load/spmv/env.txt,tar_member,energy,425
w16_tmp_archive,/workspace/tmp/mascar_w16_energy_raw_logs_20260605_132658.tar.gz:experiments/paper-mascar/energy/W16C/results/w16_energy_actual_markercopy/runs/energy_m4_reexec_load/spmv/command.txt,tar_member,energy,106
w16_tmp_archive,/workspace/tmp/mascar_w16_energy_raw_logs_20260605_132658.tar.gz:experiments/paper-mascar/energy/W16C/results/w16_energy_actual_markercopy/runs/energy_m4_reexec_load/spmv/spmv.log,tar_member,AccelWattch|energy|power,6411052
w16_tmp_archive,/workspace/tmp/mascar_w16_energy_raw_logs_20260605_132658.tar.gz:experiments/paper-mascar/energy/W16C/results/w16_energy_actual_markercopy/runs/energy_m4_reexec_load/spmv/power_report_start.marker,tar_member,power,0
w16_tmp_archive,/workspace/tmp/mascar_w16_energy_raw_logs_20260605_132658.tar.gz:experiments/paper-mascar/energy/W16C/results/w16_energy_actual_markercopy/runs/energy_m4_reexec_load/pathfinder/stdout.log,tar_member,energy,179
w16_tmp_archive,/workspace/tmp/mascar_w16_energy_raw_logs_20260605_132658.tar.gz:experiments/paper-mascar/energy/W16C/results/w16_energy_actual_markercopy/runs/energy_m4_reexec_load/pathfinder/combined.log,tar_member,energy,179
w16_tmp_archive,/workspace/tmp/mascar_w16_energy_raw_logs_20260605_132658.tar.gz:experiments/paper-mascar/energy/W16C/results/w16_energy_actual_markercopy/runs/energy_m4_reexec_load/pathfinder/pathfinder.log,tar_member,AccelWattch|energy|power,4393375
w16_tmp_archive,/workspace/tmp/mascar_w16_energy_raw_logs_20260605_132658.tar.gz:experiments/paper-mascar/energy/W16C/results/w16_energy_actual_markercopy/runs/energy_m4_reexec_load/pathfinder/env.txt,tar_member,energy,431
w16_tmp_archive,/workspace/tmp/mascar_w16_energy_raw_logs_20260605_132658.tar.gz:experiments/paper-mascar/energy/W16C/results/w16_energy_actual_markercopy/runs/energy_m4_reexec_load/pathfinder/command.txt,tar_member,energy,112
w16_tmp_archive,/workspace/tmp/mascar_w16_energy_raw_logs_20260605_132658.tar.gz:experiments/paper-mascar/energy/W16C/results/w16_energy_actual_markercopy/runs/energy_m4_reexec_load/pathfinder/power_report_start.marker,tar_member,power,0
w16_tmp_archive,/workspace/tmp/mascar_w16_energy_raw_logs_20260605_132658.tar.gz:experiments/paper-mascar/energy/W16C/results/w16_energy_actual_markercopy/runs/energy_m4_reexec_load/mri_q/stdout.log,tar_member,energy,169
w16_tmp_archive,/workspace/tmp/mascar_w16_energy_raw_logs_20260605_132658.tar.gz:experiments/paper-mascar/energy/W16C/results/w16_energy_actual_markercopy/runs/energy_m4_reexec_load/mri_q/mri_q.log,tar_member,AccelWattch|energy|power,330021
w16_tmp_archive,/workspace/tmp/mascar_w16_energy_raw_logs_20260605_132658.tar.gz:experiments/paper-mascar/energy/W16C/results/w16_energy_actual_markercopy/runs/energy_m4_reexec_load/mri_q/combined.log,tar_member,energy,169
w16_tmp_archive,/workspace/tmp/mascar_w16_energy_raw_logs_20260605_132658.tar.gz:experiments/paper-mascar/energy/W16C/results/w16_energy_actual_markercopy/runs/energy_m4_reexec_load/mri_q/env.txt,tar_member,energy,426
w16_tmp_archive,/workspace/tmp/mascar_w16_energy_raw_logs_20260605_132658.tar.gz:experiments/paper-mascar/energy/W16C/results/w16_energy_actual_markercopy/runs/energy_m4_reexec_load/mri_q/command.txt,tar_member,energy,107
w16_tmp_archive,/workspace/tmp/mascar_w16_energy_raw_logs_20260605_132658.tar.gz:experiments/paper-mascar/energy/W16C/results/w16_energy_actual_markercopy/runs/energy_m4_reexec_load/mri_q/power_report_start.marker,tar_member,power,0
w16_tmp_archive,/workspace/tmp/mascar_w16_energy_raw_logs_20260605_132658.tar.gz:experiments/paper-mascar/energy/W16C/results/w16_energy_actual_markercopy/runs/energy_baseline_off/spmv/stdout.log,tar_member,energy,165
w16_tmp_archive,/workspace/tmp/mascar_w16_energy_raw_logs_20260605_132658.tar.gz:experiments/paper-mascar/energy/W16C/results/w16_energy_actual_markercopy/runs/energy_baseline_off/spmv/combined.log,tar_member,energy,165
w16_tmp_archive,/workspace/tmp/mascar_w16_energy_raw_logs_20260605_132658.tar.gz:experiments/paper-mascar/energy/W16C/results/w16_energy_actual_markercopy/runs/energy_baseline_off/spmv/env.txt,tar_member,energy,418
w16_tmp_archive,/workspace/tmp/mascar_w16_energy_raw_logs_20260605_132658.tar.gz:experiments/paper-mascar/energy/W16C/results/w16_energy_actual_markercopy/runs/energy_baseline_off/spmv/command.txt,tar_member,energy,106
w16_tmp_archive,/workspace/tmp/mascar_w16_energy_raw_logs_20260605_132658.tar.gz:experiments/paper-mascar/energy/W16C/results/w16_energy_actual_markercopy/runs/energy_baseline_off/spmv/spmv.log,tar_member,AccelWattch|energy|power,6409183
w16_tmp_archive,/workspace/tmp/mascar_w16_energy_raw_logs_20260605_132658.tar.gz:experiments/paper-mascar/energy/W16C/results/w16_energy_actual_markercopy/runs/energy_baseline_off/spmv/power_report_start.marker,tar_member,power,0
w16_tmp_archive,/workspace/tmp/mascar_w16_energy_raw_logs_20260605_132658.tar.gz:experiments/paper-mascar/energy/W16C/results/w16_energy_actual_markercopy/runs/energy_baseline_off/pathfinder/stdout.log,tar_member,energy,177
w16_tmp_archive,/workspace/tmp/mascar_w16_energy_raw_logs_20260605_132658.tar.gz:experiments/paper-mascar/energy/W16C/results/w16_energy_actual_markercopy/runs/energy_baseline_off/pathfinder/combined.log,tar_member,energy,177
w16_tmp_archive,/workspace/tmp/mascar_w16_energy_raw_logs_20260605_132658.tar.gz:experiments/paper-mascar/energy/W16C/results/w16_energy_actual_markercopy/runs/energy_baseline_off/pathfinder/pathfinder.log,tar_member,AccelWattch|energy|power,4393748
w16_tmp_archive,/workspace/tmp/mascar_w16_energy_raw_logs_20260605_132658.tar.gz:experiments/paper-mascar/energy/W16C/results/w16_energy_actual_markercopy/runs/energy_baseline_off/pathfinder/env.txt,tar_member,energy,424
w16_tmp_archive,/workspace/tmp/mascar_w16_energy_raw_logs_20260605_132658.tar.gz:experiments/paper-mascar/energy/W16C/results/w16_energy_actual_markercopy/runs/energy_baseline_off/pathfinder/command.txt,tar_member,energy,112
w16_tmp_archive,/workspace/tmp/mascar_w16_energy_raw_logs_20260605_132658.tar.gz:experiments/paper-mascar/energy/W16C/results/w16_energy_actual_markercopy/runs/energy_baseline_off/pathfinder/power_report_start.marker,tar_member,power,0
w16_tmp_archive,/workspace/tmp/mascar_w16_energy_raw_logs_20260605_132658.tar.gz:experiments/paper-mascar/energy/W16C/results/w16_energy_actual_markercopy/runs/energy_baseline_off/mri_q/stdout.log,tar_member,energy,167
w16_tmp_archive,/workspace/tmp/mascar_w16_energy_raw_logs_20260605_132658.tar.gz:experiments/paper-mascar/energy/W16C/results/w16_energy_actual_markercopy/runs/energy_baseline_off/mri_q/mri_q.log,tar_member,AccelWattch|energy|power,329987
w16_tmp_archive,/workspace/tmp/mascar_w16_energy_raw_logs_20260605_132658.tar.gz:experiments/paper-mascar/energy/W16C/results/w16_energy_actual_markercopy/runs/energy_baseline_off/mri_q/combined.log,tar_member,energy,167
w16_tmp_archive,/workspace/tmp/mascar_w16_energy_raw_logs_20260605_132658.tar.gz:experiments/paper-mascar/energy/W16C/results/w16_energy_actual_markercopy/runs/energy_baseline_off/mri_q/env.txt,tar_member,energy,419
w16_tmp_archive,/workspace/tmp/mascar_w16_energy_raw_logs_20260605_132658.tar.gz:experiments/paper-mascar/energy/W16C/results/w16_energy_actual_markercopy/runs/energy_baseline_off/mri_q/command.txt,tar_member,energy,107
w16_tmp_archive,/workspace/tmp/mascar_w16_energy_raw_logs_20260605_132658.tar.gz:experiments/paper-mascar/energy/W16C/results/w16_energy_actual_markercopy/runs/energy_baseline_off/mri_q/power_report_start.marker,tar_member,power,0
w16_tmp_archive,/workspace/tmp/mascar_w16_energy_raw_logs_20260605_132658.tar.gz:experiments/paper-mascar/energy/W16C/results/w16_energy_actual_markercopy/results.csv,tar_member,energy|gpu_tot_avg_power|gpu_tot_max_power|kernel_avg_power|kernel_max_power|power,5182
w16_tmp_archive,/workspace/tmp/mascar_w16_energy_raw_logs_20260605_132658.tar.gz:experiments/paper-mascar/energy/W16C/results/w16_energy_actual_markercopy/run_manifest.csv,tar_member,energy,3588
w16_tmp_archive,/workspace/tmp/mascar_w16_energy_raw_logs_20260605_132658.tar.gz:experiments/paper-mascar/energy/W16C/results/w16_energy_actual_markercopy/summary.md,tar_member,energy|power,350
w16_tmp_archive,/workspace/tmp/mascar_w16_energy_raw_logs_20260605_132658.tar.gz:experiments/paper-mascar/energy/W16C/results/w16_energy_actual_final/status_matrix.csv,tar_member,energy,279
w16_tmp_archive,/workspace/tmp/mascar_w16_energy_raw_logs_20260605_132658.tar.gz:experiments/paper-mascar/energy/W16C/results/w16_energy_actual_final/runs/energy_m4_reexec_load/spmv/accelwattch_power_report.log,tar_member,accelwattch|average power|gpu_tot_avg_power|gpu_tot_max_power|kernel_avg_power|kernel_max_power|power|watt,330276
w16_tmp_archive,/workspace/tmp/mascar_w16_energy_raw_logs_20260605_132658.tar.gz:experiments/paper-mascar/energy/W16C/results/w16_energy_actual_final/runs/energy_m4_reexec_load/spmv/stdout.log,tar_member,energy,162
w16_tmp_archive,/workspace/tmp/mascar_w16_energy_raw_logs_20260605_132658.tar.gz:experiments/paper-mascar/energy/W16C/results/w16_energy_actual_final/runs/energy_m4_reexec_load/spmv/combined.log,tar_member,energy,162
w16_tmp_archive,/workspace/tmp/mascar_w16_energy_raw_logs_20260605_132658.tar.gz:experiments/paper-mascar/energy/W16C/results/w16_energy_actual_final/runs/energy_m4_reexec_load/spmv/env.txt,tar_member,energy,420
w16_tmp_archive,/workspace/tmp/mascar_w16_energy_raw_logs_20260605_132658.tar.gz:experiments/paper-mascar/energy/W16C/results/w16_energy_actual_final/runs/energy_m4_reexec_load/spmv/command.txt,tar_member,energy,106
w16_tmp_archive,/workspace/tmp/mascar_w16_energy_raw_logs_20260605_132658.tar.gz:experiments/paper-mascar/energy/W16C/results/w16_energy_actual_final/runs/energy_m4_reexec_load/spmv/spmv.log,tar_member,AccelWattch|energy|power,6411012
w16_tmp_archive,/workspace/tmp/mascar_w16_energy_raw_logs_20260605_132658.tar.gz:experiments/paper-mascar/energy/W16C/results/w16_energy_actual_final/runs/energy_m4_reexec_load/spmv/power_report_start.marker,tar_member,power,0
w16_tmp_archive,/workspace/tmp/mascar_w16_energy_raw_logs_20260605_132658.tar.gz:experiments/paper-mascar/energy/W16C/results/w16_energy_actual_final/runs/energy_m4_reexec_load/pathfinder/accelwattch_power_report.log,tar_member,accelwattch|average power|gpu_tot_avg_power|gpu_tot_max_power|kernel_avg_power|kernel_max_power|power|watt,210137
w16_tmp_archive,/workspace/tmp/mascar_w16_energy_raw_logs_20260605_132658.tar.gz:experiments/paper-mascar/energy/W16C/results/w16_energy_actual_final/runs/energy_m4_reexec_load/pathfinder/stdout.log,tar_member,energy,174
w16_tmp_archive,/workspace/tmp/mascar_w16_energy_raw_logs_20260605_132658.tar.gz:experiments/paper-mascar/energy/W16C/results/w16_energy_actual_final/runs/energy_m4_reexec_load/pathfinder/combined.log,tar_member,energy,174
w16_tmp_archive,/workspace/tmp/mascar_w16_energy_raw_logs_20260605_132658.tar.gz:experiments/paper-mascar/energy/W16C/results/w16_energy_actual_final/runs/energy_m4_reexec_load/pathfinder/pathfinder.log,tar_member,AccelWattch|energy|power,4393311
w16_tmp_archive,/workspace/tmp/mascar_w16_energy_raw_logs_20260605_132658.tar.gz:experiments/paper-mascar/energy/W16C/results/w16_energy_actual_final/runs/energy_m4_reexec_load/pathfinder/env.txt,tar_member,energy,426
w16_tmp_archive,/workspace/tmp/mascar_w16_energy_raw_logs_20260605_132658.tar.gz:experiments/paper-mascar/energy/W16C/results/w16_energy_actual_final/runs/energy_m4_reexec_load/pathfinder/command.txt,tar_member,energy,112
w16_tmp_archive,/workspace/tmp/mascar_w16_energy_raw_logs_20260605_132658.tar.gz:experiments/paper-mascar/energy/W16C/results/w16_energy_actual_final/runs/energy_m4_reexec_load/pathfinder/power_report_start.marker,tar_member,power,0
w16_tmp_archive,/workspace/tmp/mascar_w16_energy_raw_logs_20260605_132658.tar.gz:experiments/paper-mascar/energy/W16C/results/w16_energy_actual_final/runs/energy_m4_reexec_load/mri_q/accelwattch_power_report.log,tar_member,accelwattch|average power|gpu_tot_avg_power|gpu_tot_max_power|kernel_avg_power|kernel_max_power|power|watt,13176
w16_tmp_archive,/workspace/tmp/mascar_w16_energy_raw_logs_20260605_132658.tar.gz:experiments/paper-mascar/energy/W16C/results/w16_energy_actual_final/runs/energy_m4_reexec_load/mri_q/stdout.log,tar_member,energy,164
w16_tmp_archive,/workspace/tmp/mascar_w16_energy_raw_logs_20260605_132658.tar.gz:experiments/paper-mascar/energy/W16C/results/w16_energy_actual_final/runs/energy_m4_reexec_load/mri_q/mri_q.log,tar_member,AccelWattch|energy|power,329984
w16_tmp_archive,/workspace/tmp/mascar_w16_energy_raw_logs_20260605_132658.tar.gz:experiments/paper-mascar/energy/W16C/results/w16_energy_actual_final/runs/energy_m4_reexec_load/mri_q/combined.log,tar_member,energy,164
w16_tmp_archive,/workspace/tmp/mascar_w16_energy_raw_logs_20260605_132658.tar.gz:experiments/paper-mascar/energy/W16C/results/w16_energy_actual_final/runs/energy_m4_reexec_load/mri_q/env.txt,tar_member,energy,421
w16_tmp_archive,/workspace/tmp/mascar_w16_energy_raw_logs_20260605_132658.tar.gz:experiments/paper-mascar/energy/W16C/results/w16_energy_actual_final/runs/energy_m4_reexec_load/mri_q/command.txt,tar_member,energy,107
w16_tmp_archive,/workspace/tmp/mascar_w16_energy_raw_logs_20260605_132658.tar.gz:experiments/paper-mascar/energy/W16C/results/w16_energy_actual_final/runs/energy_m4_reexec_load/mri_q/power_report_start.marker,tar_member,power,0
w16_tmp_archive,/workspace/tmp/mascar_w16_energy_raw_logs_20260605_132658.tar.gz:experiments/paper-mascar/energy/W16C/results/w16_energy_actual_final/runs/energy_baseline_off/spmv/accelwattch_power_report.log,tar_member,accelwattch|average power|gpu_tot_avg_power|gpu_tot_max_power|kernel_avg_power|kernel_max_power|power|watt,330276
w16_tmp_archive,/workspace/tmp/mascar_w16_energy_raw_logs_20260605_132658.tar.gz:experiments/paper-mascar/energy/W16C/results/w16_energy_actual_final/runs/energy_baseline_off/spmv/stdout.log,tar_member,energy,160
w16_tmp_archive,/workspace/tmp/mascar_w16_energy_raw_logs_20260605_132658.tar.gz:experiments/paper-mascar/energy/W16C/results/w16_energy_actual_final/runs/energy_baseline_off/spmv/combined.log,tar_member,energy,160
w16_tmp_archive,/workspace/tmp/mascar_w16_energy_raw_logs_20260605_132658.tar.gz:experiments/paper-mascar/energy/W16C/results/w16_energy_actual_final/runs/energy_baseline_off/spmv/env.txt,tar_member,energy,413
w16_tmp_archive,/workspace/tmp/mascar_w16_energy_raw_logs_20260605_132658.tar.gz:experiments/paper-mascar/energy/W16C/results/w16_energy_actual_final/runs/energy_baseline_off/spmv/command.txt,tar_member,energy,106
w16_tmp_archive,/workspace/tmp/mascar_w16_energy_raw_logs_20260605_132658.tar.gz:experiments/paper-mascar/energy/W16C/results/w16_energy_actual_final/runs/energy_baseline_off/spmv/spmv.log,tar_member,AccelWattch|energy|power,6409149
w16_tmp_archive,/workspace/tmp/mascar_w16_energy_raw_logs_20260605_132658.tar.gz:experiments/paper-mascar/energy/W16C/results/w16_energy_actual_final/runs/energy_baseline_off/spmv/power_report_start.marker,tar_member,power,0
w16_tmp_archive,/workspace/tmp/mascar_w16_energy_raw_logs_20260605_132658.tar.gz:experiments/paper-mascar/energy/W16C/results/w16_energy_actual_final/runs/energy_baseline_off/pathfinder/accelwattch_power_report.log,tar_member,accelwattch|average power|gpu_tot_avg_power|gpu_tot_max_power|kernel_avg_power|kernel_max_power|power|watt,210137
w16_tmp_archive,/workspace/tmp/mascar_w16_energy_raw_logs_20260605_132658.tar.gz:experiments/paper-mascar/energy/W16C/results/w16_energy_actual_final/runs/energy_baseline_off/pathfinder/stdout.log,tar_member,energy,172
w16_tmp_archive,/workspace/tmp/mascar_w16_energy_raw_logs_20260605_132658.tar.gz:experiments/paper-mascar/energy/W16C/results/w16_energy_actual_final/runs/energy_baseline_off/pathfinder/combined.log,tar_member,energy,172
w16_tmp_archive,/workspace/tmp/mascar_w16_energy_raw_logs_20260605_132658.tar.gz:experiments/paper-mascar/energy/W16C/results/w16_energy_actual_final/runs/energy_baseline_off/pathfinder/pathfinder.log,tar_member,AccelWattch|energy|power,4393711
w16_tmp_archive,/workspace/tmp/mascar_w16_energy_raw_logs_20260605_132658.tar.gz:experiments/paper-mascar/energy/W16C/results/w16_energy_actual_final/runs/energy_baseline_off/pathfinder/env.txt,tar_member,energy,419
w16_tmp_archive,/workspace/tmp/mascar_w16_energy_raw_logs_20260605_132658.tar.gz:experiments/paper-mascar/energy/W16C/results/w16_energy_actual_final/runs/energy_baseline_off/pathfinder/command.txt,tar_member,energy,112
w16_tmp_archive,/workspace/tmp/mascar_w16_energy_raw_logs_20260605_132658.tar.gz:experiments/paper-mascar/energy/W16C/results/w16_energy_actual_final/runs/energy_baseline_off/pathfinder/power_report_start.marker,tar_member,power,0
w16_tmp_archive,/workspace/tmp/mascar_w16_energy_raw_logs_20260605_132658.tar.gz:experiments/paper-mascar/energy/W16C/results/w16_energy_actual_final/runs/energy_baseline_off/mri_q/accelwattch_power_report.log,tar_member,accelwattch|average power|gpu_tot_avg_power|gpu_tot_max_power|kernel_avg_power|kernel_max_power|power|watt,13176
w16_tmp_archive,/workspace/tmp/mascar_w16_energy_raw_logs_20260605_132658.tar.gz:experiments/paper-mascar/energy/W16C/results/w16_energy_actual_final/runs/energy_baseline_off/mri_q/stdout.log,tar_member,energy,162
w16_tmp_archive,/workspace/tmp/mascar_w16_energy_raw_logs_20260605_132658.tar.gz:experiments/paper-mascar/energy/W16C/results/w16_energy_actual_final/runs/energy_baseline_off/mri_q/mri_q.log,tar_member,AccelWattch|energy|power,329954
w16_tmp_archive,/workspace/tmp/mascar_w16_energy_raw_logs_20260605_132658.tar.gz:experiments/paper-mascar/energy/W16C/results/w16_energy_actual_final/runs/energy_baseline_off/mri_q/combined.log,tar_member,energy,162
w16_tmp_archive,/workspace/tmp/mascar_w16_energy_raw_logs_20260605_132658.tar.gz:experiments/paper-mascar/energy/W16C/results/w16_energy_actual_final/runs/energy_baseline_off/mri_q/env.txt,tar_member,energy,414
w16_tmp_archive,/workspace/tmp/mascar_w16_energy_raw_logs_20260605_132658.tar.gz:experiments/paper-mascar/energy/W16C/results/w16_energy_actual_final/runs/energy_baseline_off/mri_q/command.txt,tar_member,energy,107
w16_tmp_archive,/workspace/tmp/mascar_w16_energy_raw_logs_20260605_132658.tar.gz:experiments/paper-mascar/energy/W16C/results/w16_energy_actual_final/runs/energy_baseline_off/mri_q/power_report_start.marker,tar_member,power,0
w16_tmp_archive,/workspace/tmp/mascar_w16_energy_raw_logs_20260605_132658.tar.gz:experiments/paper-mascar/energy/W16C/results/w16_energy_actual_final/results.csv,tar_member,energy|gpu_tot_avg_power|gpu_tot_max_power|kernel_avg_power|kernel_max_power|power,5446
w16_tmp_archive,/workspace/tmp/mascar_w16_energy_raw_logs_20260605_132658.tar.gz:experiments/paper-mascar/energy/W16C/results/w16_energy_actual_final/run_manifest.csv,tar_member,energy,3492
w16_tmp_archive,/workspace/tmp/mascar_w16_energy_raw_logs_20260605_132658.tar.gz:experiments/paper-mascar/energy/W16C/results/w16_energy_actual_final/summary.md,tar_member,energy|power,431
w25_tmp_archive,/workspace/tmp/mascar_w25_energy_raw_runs_20260605_185226.tar.gz:experiments/paper-mascar/energy/W25/results/w25_energy_20260605_181741/results.csv,tar_member,energy|gpu_tot_avg_power|gpu_tot_max_power|kernel_avg_power|kernel_max_power|power,7856
w25_tmp_archive,/workspace/tmp/mascar_w25_energy_raw_runs_20260605_185226.tar.gz:experiments/paper-mascar/energy/W25/results/w25_energy_20260605_181741/run_manifest.csv,tar_member,energy|gpuwattch,7177
w25_tmp_archive,/workspace/tmp/mascar_w25_energy_raw_runs_20260605_185226.tar.gz:experiments/paper-mascar/energy/W25/results/w25_energy_20260605_181741/runs/energy_baseline_off/bp_1/bp_1.log,tar_member,AccelWattch|energy|power,321841
w25_tmp_archive,/workspace/tmp/mascar_w25_energy_raw_runs_20260605_185226.tar.gz:experiments/paper-mascar/energy/W25/results/w25_energy_20260605_181741/runs/energy_baseline_off/bp_1/combined.log,tar_member,energy,162
w25_tmp_archive,/workspace/tmp/mascar_w25_energy_raw_runs_20260605_185226.tar.gz:experiments/paper-mascar/energy/W25/results/w25_energy_20260605_181741/runs/energy_baseline_off/bp_1/env.txt,tar_member,energy,415
w25_tmp_archive,/workspace/tmp/mascar_w25_energy_raw_runs_20260605_185226.tar.gz:experiments/paper-mascar/energy/W25/results/w25_energy_20260605_181741/runs/energy_baseline_off/bp_1/stdout.log,tar_member,energy,162
w25_tmp_archive,/workspace/tmp/mascar_w25_energy_raw_runs_20260605_185226.tar.gz:experiments/paper-mascar/energy/W25/results/w25_energy_20260605_181741/runs/energy_baseline_off/bp_2/bp_2.log,tar_member,AccelWattch|energy|power,321841
w25_tmp_archive,/workspace/tmp/mascar_w25_energy_raw_runs_20260605_185226.tar.gz:experiments/paper-mascar/energy/W25/results/w25_energy_20260605_181741/runs/energy_baseline_off/bp_2/combined.log,tar_member,energy,162
w25_tmp_archive,/workspace/tmp/mascar_w25_energy_raw_runs_20260605_185226.tar.gz:experiments/paper-mascar/energy/W25/results/w25_energy_20260605_181741/runs/energy_baseline_off/bp_2/env.txt,tar_member,energy,415
w25_tmp_archive,/workspace/tmp/mascar_w25_energy_raw_runs_20260605_185226.tar.gz:experiments/paper-mascar/energy/W25/results/w25_energy_20260605_181741/runs/energy_baseline_off/bp_2/stdout.log,tar_member,energy,162
w25_tmp_archive,/workspace/tmp/mascar_w25_energy_raw_runs_20260605_185226.tar.gz:experiments/paper-mascar/energy/W25/results/w25_energy_20260605_181741/runs/energy_baseline_off/mri_q/combined.log,tar_member,energy,164
w25_tmp_archive,/workspace/tmp/mascar_w25_energy_raw_runs_20260605_185226.tar.gz:experiments/paper-mascar/energy/W25/results/w25_energy_20260605_181741/runs/energy_baseline_off/mri_q/env.txt,tar_member,energy,416
w25_tmp_archive,/workspace/tmp/mascar_w25_energy_raw_runs_20260605_185226.tar.gz:experiments/paper-mascar/energy/W25/results/w25_energy_20260605_181741/runs/energy_baseline_off/mri_q/mri_q.log,tar_member,AccelWattch|energy|power,330198
w25_tmp_archive,/workspace/tmp/mascar_w25_energy_raw_runs_20260605_185226.tar.gz:experiments/paper-mascar/energy/W25/results/w25_energy_20260605_181741/runs/energy_baseline_off/mri_q/stdout.log,tar_member,energy,164
w25_tmp_archive,/workspace/tmp/mascar_w25_energy_raw_runs_20260605_185226.tar.gz:experiments/paper-mascar/energy/W25/results/w25_energy_20260605_181741/runs/energy_baseline_off/pathfinder/combined.log,tar_member,energy,174
w25_tmp_archive,/workspace/tmp/mascar_w25_energy_raw_runs_20260605_185226.tar.gz:experiments/paper-mascar/energy/W25/results/w25_energy_20260605_181741/runs/energy_baseline_off/pathfinder/env.txt,tar_member,energy,421
w25_tmp_archive,/workspace/tmp/mascar_w25_energy_raw_runs_20260605_185226.tar.gz:experiments/paper-mascar/energy/W25/results/w25_energy_20260605_181741/runs/energy_baseline_off/pathfinder/pathfinder.log,tar_member,AccelWattch|energy|power,4392768
w25_tmp_archive,/workspace/tmp/mascar_w25_energy_raw_runs_20260605_185226.tar.gz:experiments/paper-mascar/energy/W25/results/w25_energy_20260605_181741/runs/energy_baseline_off/pathfinder/stdout.log,tar_member,energy,174
w25_tmp_archive,/workspace/tmp/mascar_w25_energy_raw_runs_20260605_185226.tar.gz:experiments/paper-mascar/energy/W25/results/w25_energy_20260605_181741/runs/energy_baseline_off/spmv/combined.log,tar_member,energy,162
w25_tmp_archive,/workspace/tmp/mascar_w25_energy_raw_runs_20260605_185226.tar.gz:experiments/paper-mascar/energy/W25/results/w25_energy_20260605_181741/runs/energy_baseline_off/spmv/env.txt,tar_member,energy,415
w25_tmp_archive,/workspace/tmp/mascar_w25_energy_raw_runs_20260605_185226.tar.gz:experiments/paper-mascar/energy/W25/results/w25_energy_20260605_181741/runs/energy_baseline_off/spmv/spmv.log,tar_member,AccelWattch|energy|power,6410701
w25_tmp_archive,/workspace/tmp/mascar_w25_energy_raw_runs_20260605_185226.tar.gz:experiments/paper-mascar/energy/W25/results/w25_energy_20260605_181741/runs/energy_baseline_off/spmv/stdout.log,tar_member,energy,162
w25_tmp_archive,/workspace/tmp/mascar_w25_energy_raw_runs_20260605_185226.tar.gz:experiments/paper-mascar/energy/W25/results/w25_energy_20260605_181741/runs/energy_baseline_off/srad_1/combined.log,tar_member,energy,166
w25_tmp_archive,/workspace/tmp/mascar_w25_energy_raw_runs_20260605_185226.tar.gz:experiments/paper-mascar/energy/W25/results/w25_energy_20260605_181741/runs/energy_baseline_off/srad_1/env.txt,tar_member,energy,417
w25_tmp_archive,/workspace/tmp/mascar_w25_energy_raw_runs_20260605_185226.tar.gz:experiments/paper-mascar/energy/W25/results/w25_energy_20260605_181741/runs/energy_baseline_off/srad_1/srad_1.log,tar_member,AccelWattch|energy|power,331198
w25_tmp_archive,/workspace/tmp/mascar_w25_energy_raw_runs_20260605_185226.tar.gz:experiments/paper-mascar/energy/W25/results/w25_energy_20260605_181741/runs/energy_baseline_off/srad_1/stdout.log,tar_member,energy,166
w25_tmp_archive,/workspace/tmp/mascar_w25_energy_raw_runs_20260605_185226.tar.gz:experiments/paper-mascar/energy/W25/results/w25_energy_20260605_181741/runs/energy_m4_reexec_load/bp_1/bp_1.log,tar_member,AccelWattch|energy|power,321990
w25_tmp_archive,/workspace/tmp/mascar_w25_energy_raw_runs_20260605_185226.tar.gz:experiments/paper-mascar/energy/W25/results/w25_energy_20260605_181741/runs/energy_m4_reexec_load/bp_1/combined.log,tar_member,energy,164
w25_tmp_archive,/workspace/tmp/mascar_w25_energy_raw_runs_20260605_185226.tar.gz:experiments/paper-mascar/energy/W25/results/w25_energy_20260605_181741/runs/energy_m4_reexec_load/bp_1/env.txt,tar_member,energy,422
w25_tmp_archive,/workspace/tmp/mascar_w25_energy_raw_runs_20260605_185226.tar.gz:experiments/paper-mascar/energy/W25/results/w25_energy_20260605_181741/runs/energy_m4_reexec_load/bp_1/stdout.log,tar_member,energy,164
w25_tmp_archive,/workspace/tmp/mascar_w25_energy_raw_runs_20260605_185226.tar.gz:experiments/paper-mascar/energy/W25/results/w25_energy_20260605_181741/runs/energy_m4_reexec_load/bp_2/bp_2.log,tar_member,AccelWattch|energy|power,321990
w25_tmp_archive,/workspace/tmp/mascar_w25_energy_raw_runs_20260605_185226.tar.gz:experiments/paper-mascar/energy/W25/results/w25_energy_20260605_181741/runs/energy_m4_reexec_load/bp_2/combined.log,tar_member,energy,164
w25_tmp_archive,/workspace/tmp/mascar_w25_energy_raw_runs_20260605_185226.tar.gz:experiments/paper-mascar/energy/W25/results/w25_energy_20260605_181741/runs/energy_m4_reexec_load/bp_2/env.txt,tar_member,energy,422
w25_tmp_archive,/workspace/tmp/mascar_w25_energy_raw_runs_20260605_185226.tar.gz:experiments/paper-mascar/energy/W25/results/w25_energy_20260605_181741/runs/energy_m4_reexec_load/bp_2/stdout.log,tar_member,energy,164
w25_tmp_archive,/workspace/tmp/mascar_w25_energy_raw_runs_20260605_185226.tar.gz:experiments/paper-mascar/energy/W25/results/w25_energy_20260605_181741/runs/energy_m4_reexec_load/mri_q/combined.log,tar_member,energy,166
w25_tmp_archive,/workspace/tmp/mascar_w25_energy_raw_runs_20260605_185226.tar.gz:experiments/paper-mascar/energy/W25/results/w25_energy_20260605_181741/runs/energy_m4_reexec_load/mri_q/env.txt,tar_member,energy,423
w25_tmp_archive,/workspace/tmp/mascar_w25_energy_raw_runs_20260605_185226.tar.gz:experiments/paper-mascar/energy/W25/results/w25_energy_20260605_181741/runs/energy_m4_reexec_load/mri_q/mri_q.log,tar_member,AccelWattch|energy|power,330284
w25_tmp_archive,/workspace/tmp/mascar_w25_energy_raw_runs_20260605_185226.tar.gz:experiments/paper-mascar/energy/W25/results/w25_energy_20260605_181741/runs/energy_m4_reexec_load/mri_q/stdout.log,tar_member,energy,166
w25_tmp_archive,/workspace/tmp/mascar_w25_energy_raw_runs_20260605_185226.tar.gz:experiments/paper-mascar/energy/W25/results/w25_energy_20260605_181741/runs/energy_m4_reexec_load/pathfinder/combined.log,tar_member,energy,176
w25_tmp_archive,/workspace/tmp/mascar_w25_energy_raw_runs_20260605_185226.tar.gz:experiments/paper-mascar/energy/W25/results/w25_energy_20260605_181741/runs/energy_m4_reexec_load/pathfinder/env.txt,tar_member,energy,428
w25_tmp_archive,/workspace/tmp/mascar_w25_energy_raw_runs_20260605_185226.tar.gz:experiments/paper-mascar/energy/W25/results/w25_energy_20260605_181741/runs/energy_m4_reexec_load/pathfinder/pathfinder.log,tar_member,AccelWattch|energy|power,4393256
w25_tmp_archive,/workspace/tmp/mascar_w25_energy_raw_runs_20260605_185226.tar.gz:experiments/paper-mascar/energy/W25/results/w25_energy_20260605_181741/runs/energy_m4_reexec_load/pathfinder/stdout.log,tar_member,energy,176
w25_tmp_archive,/workspace/tmp/mascar_w25_energy_raw_runs_20260605_185226.tar.gz:experiments/paper-mascar/energy/W25/results/w25_energy_20260605_181741/runs/energy_m4_reexec_load/spmv/combined.log,tar_member,energy,164
w25_tmp_archive,/workspace/tmp/mascar_w25_energy_raw_runs_20260605_185226.tar.gz:experiments/paper-mascar/energy/W25/results/w25_energy_20260605_181741/runs/energy_m4_reexec_load/spmv/env.txt,tar_member,energy,422
w25_tmp_archive,/workspace/tmp/mascar_w25_energy_raw_runs_20260605_185226.tar.gz:experiments/paper-mascar/energy/W25/results/w25_energy_20260605_181741/runs/energy_m4_reexec_load/spmv/spmv.log,tar_member,AccelWattch|energy|power,6411314
w25_tmp_archive,/workspace/tmp/mascar_w25_energy_raw_runs_20260605_185226.tar.gz:experiments/paper-mascar/energy/W25/results/w25_energy_20260605_181741/runs/energy_m4_reexec_load/spmv/stdout.log,tar_member,energy,164
w25_tmp_archive,/workspace/tmp/mascar_w25_energy_raw_runs_20260605_185226.tar.gz:experiments/paper-mascar/energy/W25/results/w25_energy_20260605_181741/runs/energy_m4_reexec_load/srad_1/combined.log,tar_member,energy,168
w25_tmp_archive,/workspace/tmp/mascar_w25_energy_raw_runs_20260605_185226.tar.gz:experiments/paper-mascar/energy/W25/results/w25_energy_20260605_181741/runs/energy_m4_reexec_load/srad_1/env.txt,tar_member,energy,424
w25_tmp_archive,/workspace/tmp/mascar_w25_energy_raw_runs_20260605_185226.tar.gz:experiments/paper-mascar/energy/W25/results/w25_energy_20260605_181741/runs/energy_m4_reexec_load/srad_1/srad_1.log,tar_member,AccelWattch|energy|power,331473
w25_tmp_archive,/workspace/tmp/mascar_w25_energy_raw_runs_20260605_185226.tar.gz:experiments/paper-mascar/energy/W25/results/w25_energy_20260605_181741/runs/energy_m4_reexec_load/srad_1/stdout.log,tar_member,energy,168
w25_tmp_archive,/workspace/tmp/mascar_w25_energy_raw_runs_20260605_185226.tar.gz:experiments/paper-mascar/energy/W25/results/w25_energy_20260605_181741/status_matrix.csv,tar_member,energy,481
w25_tmp_archive,/workspace/tmp/mascar_w25_energy_raw_runs_20260605_185226.tar.gz:experiments/paper-mascar/energy/W25/results/w25_energy_20260605_181741/summary.md,tar_member,energy|power,434
w25_tmp_archive,/workspace/tmp/mascar_w25_energy_raw_runs_20260605_185226.tar.gz:experiments/paper-mascar/energy/W25/results/w25_energy_20260605_181741/w25_config_matrix.snapshot.csv,tar_member,AccelWattch|energy,532
w25_tmp_archive,/workspace/tmp/mascar_w25_energy_raw_runs_20260605_185226.tar.gz:experiments/paper-mascar/energy/W25/results/w25_energy_20260605_181741/w25_workload_manifest.snapshot.csv,tar_member,energy|gpuwattch,1858
w25_tmp_archive,/workspace/tmp/mascar_w25_energy_raw_runs_20260605_185226.tar.gz:experiments/paper-mascar/energy/W25/results/w25_energy_20260605_181740/results.csv,tar_member,energy|gpu_tot_avg_power|gpu_tot_max_power|kernel_avg_power|kernel_max_power|power,6395
w25_tmp_archive,/workspace/tmp/mascar_w25_energy_raw_runs_20260605_185226.tar.gz:experiments/paper-mascar/energy/W25/results/w25_energy_20260605_181740/run_manifest.csv,tar_member,energy|gpuwattch,7171
w25_tmp_archive,/workspace/tmp/mascar_w25_energy_raw_runs_20260605_185226.tar.gz:experiments/paper-mascar/energy/W25/results/w25_energy_20260605_181740/runs/energy_baseline_off/bp_1/combined.log,tar_member,energy|gpuwattch,310
w25_tmp_archive,/workspace/tmp/mascar_w25_energy_raw_runs_20260605_185226.tar.gz:experiments/paper-mascar/energy/W25/results/w25_energy_20260605_181740/runs/energy_baseline_off/bp_1/env.txt,tar_member,energy,415
w25_tmp_archive,/workspace/tmp/mascar_w25_energy_raw_runs_20260605_185226.tar.gz:experiments/paper-mascar/energy/W25/results/w25_energy_20260605_181740/runs/energy_baseline_off/bp_1/stdout.log,tar_member,energy|gpuwattch,310
w25_tmp_archive,/workspace/tmp/mascar_w25_energy_raw_runs_20260605_185226.tar.gz:experiments/paper-mascar/energy/W25/results/w25_energy_20260605_181740/runs/energy_baseline_off/bp_2/combined.log,tar_member,energy|gpuwattch,309
w25_tmp_archive,/workspace/tmp/mascar_w25_energy_raw_runs_20260605_185226.tar.gz:experiments/paper-mascar/energy/W25/results/w25_energy_20260605_181740/runs/energy_baseline_off/bp_2/env.txt,tar_member,energy,415
w25_tmp_archive,/workspace/tmp/mascar_w25_energy_raw_runs_20260605_185226.tar.gz:experiments/paper-mascar/energy/W25/results/w25_energy_20260605_181740/runs/energy_baseline_off/bp_2/stdout.log,tar_member,energy|gpuwattch,309
w25_tmp_archive,/workspace/tmp/mascar_w25_energy_raw_runs_20260605_185226.tar.gz:experiments/paper-mascar/energy/W25/results/w25_energy_20260605_181740/runs/energy_baseline_off/mri_q/combined.log,tar_member,energy|gpuwattch,324
w25_tmp_archive,/workspace/tmp/mascar_w25_energy_raw_runs_20260605_185226.tar.gz:experiments/paper-mascar/energy/W25/results/w25_energy_20260605_181740/runs/energy_baseline_off/mri_q/env.txt,tar_member,energy,416
w25_tmp_archive,/workspace/tmp/mascar_w25_energy_raw_runs_20260605_185226.tar.gz:experiments/paper-mascar/energy/W25/results/w25_energy_20260605_181740/runs/energy_baseline_off/mri_q/stdout.log,tar_member,energy|gpuwattch,324
w25_tmp_archive,/workspace/tmp/mascar_w25_energy_raw_runs_20260605_185226.tar.gz:experiments/paper-mascar/energy/W25/results/w25_energy_20260605_181740/runs/energy_baseline_off/pathfinder/combined.log,tar_member,energy|gpuwattch,339
w25_tmp_archive,/workspace/tmp/mascar_w25_energy_raw_runs_20260605_185226.tar.gz:experiments/paper-mascar/energy/W25/results/w25_energy_20260605_181740/runs/energy_baseline_off/pathfinder/env.txt,tar_member,energy,421
w25_tmp_archive,/workspace/tmp/mascar_w25_energy_raw_runs_20260605_185226.tar.gz:experiments/paper-mascar/energy/W25/results/w25_energy_20260605_181740/runs/energy_baseline_off/pathfinder/stdout.log,tar_member,energy|gpuwattch,339
w25_tmp_archive,/workspace/tmp/mascar_w25_energy_raw_runs_20260605_185226.tar.gz:experiments/paper-mascar/energy/W25/results/w25_energy_20260605_181740/runs/energy_baseline_off/spmv/combined.log,tar_member,energy|gpuwattch,320
w25_tmp_archive,/workspace/tmp/mascar_w25_energy_raw_runs_20260605_185226.tar.gz:experiments/paper-mascar/energy/W25/results/w25_energy_20260605_181740/runs/energy_baseline_off/spmv/env.txt,tar_member,energy,415
w25_tmp_archive,/workspace/tmp/mascar_w25_energy_raw_runs_20260605_185226.tar.gz:experiments/paper-mascar/energy/W25/results/w25_energy_20260605_181740/runs/energy_baseline_off/spmv/stdout.log,tar_member,energy|gpuwattch,320
w25_tmp_archive,/workspace/tmp/mascar_w25_energy_raw_runs_20260605_185226.tar.gz:experiments/paper-mascar/energy/W25/results/w25_energy_20260605_181740/runs/energy_baseline_off/srad_1/combined.log,tar_member,energy|gpuwattch,338
w25_tmp_archive,/workspace/tmp/mascar_w25_energy_raw_runs_20260605_185226.tar.gz:experiments/paper-mascar/energy/W25/results/w25_energy_20260605_181740/runs/energy_baseline_off/srad_1/env.txt,tar_member,energy,417
w25_tmp_archive,/workspace/tmp/mascar_w25_energy_raw_runs_20260605_185226.tar.gz:experiments/paper-mascar/energy/W25/results/w25_energy_20260605_181740/runs/energy_baseline_off/srad_1/stdout.log,tar_member,energy|gpuwattch,338
w25_tmp_archive,/workspace/tmp/mascar_w25_energy_raw_runs_20260605_185226.tar.gz:experiments/paper-mascar/energy/W25/results/w25_energy_20260605_181740/runs/energy_m4_reexec_load/bp_1/combined.log,tar_member,energy|gpuwattch,310
w25_tmp_archive,/workspace/tmp/mascar_w25_energy_raw_runs_20260605_185226.tar.gz:experiments/paper-mascar/energy/W25/results/w25_energy_20260605_181740/runs/energy_m4_reexec_load/bp_1/env.txt,tar_member,energy,422
w25_tmp_archive,/workspace/tmp/mascar_w25_energy_raw_runs_20260605_185226.tar.gz:experiments/paper-mascar/energy/W25/results/w25_energy_20260605_181740/runs/energy_m4_reexec_load/bp_1/stdout.log,tar_member,energy|gpuwattch,310
w25_tmp_archive,/workspace/tmp/mascar_w25_energy_raw_runs_20260605_185226.tar.gz:experiments/paper-mascar/energy/W25/results/w25_energy_20260605_181740/runs/energy_m4_reexec_load/bp_2/combined.log,tar_member,energy|gpuwattch,309
w25_tmp_archive,/workspace/tmp/mascar_w25_energy_raw_runs_20260605_185226.tar.gz:experiments/paper-mascar/energy/W25/results/w25_energy_20260605_181740/runs/energy_m4_reexec_load/bp_2/env.txt,tar_member,energy,422
w25_tmp_archive,/workspace/tmp/mascar_w25_energy_raw_runs_20260605_185226.tar.gz:experiments/paper-mascar/energy/W25/results/w25_energy_20260605_181740/runs/energy_m4_reexec_load/bp_2/stdout.log,tar_member,energy|gpuwattch,309
w25_tmp_archive,/workspace/tmp/mascar_w25_energy_raw_runs_20260605_185226.tar.gz:experiments/paper-mascar/energy/W25/results/w25_energy_20260605_181740/runs/energy_m4_reexec_load/mri_q/combined.log,tar_member,energy|gpuwattch,324
w25_tmp_archive,/workspace/tmp/mascar_w25_energy_raw_runs_20260605_185226.tar.gz:experiments/paper-mascar/energy/W25/results/w25_energy_20260605_181740/runs/energy_m4_reexec_load/mri_q/env.txt,tar_member,energy,423
w25_tmp_archive,/workspace/tmp/mascar_w25_energy_raw_runs_20260605_185226.tar.gz:experiments/paper-mascar/energy/W25/results/w25_energy_20260605_181740/runs/energy_m4_reexec_load/mri_q/stdout.log,tar_member,energy|gpuwattch,324
w25_tmp_archive,/workspace/tmp/mascar_w25_energy_raw_runs_20260605_185226.tar.gz:experiments/paper-mascar/energy/W25/results/w25_energy_20260605_181740/runs/energy_m4_reexec_load/pathfinder/combined.log,tar_member,energy|gpuwattch,339
w25_tmp_archive,/workspace/tmp/mascar_w25_energy_raw_runs_20260605_185226.tar.gz:experiments/paper-mascar/energy/W25/results/w25_energy_20260605_181740/runs/energy_m4_reexec_load/pathfinder/env.txt,tar_member,energy,428
w25_tmp_archive,/workspace/tmp/mascar_w25_energy_raw_runs_20260605_185226.tar.gz:experiments/paper-mascar/energy/W25/results/w25_energy_20260605_181740/runs/energy_m4_reexec_load/pathfinder/stdout.log,tar_member,energy|gpuwattch,339
w25_tmp_archive,/workspace/tmp/mascar_w25_energy_raw_runs_20260605_185226.tar.gz:experiments/paper-mascar/energy/W25/results/w25_energy_20260605_181740/runs/energy_m4_reexec_load/spmv/combined.log,tar_member,energy|gpuwattch,320
w25_tmp_archive,/workspace/tmp/mascar_w25_energy_raw_runs_20260605_185226.tar.gz:experiments/paper-mascar/energy/W25/results/w25_energy_20260605_181740/runs/energy_m4_reexec_load/spmv/env.txt,tar_member,energy,422
w25_tmp_archive,/workspace/tmp/mascar_w25_energy_raw_runs_20260605_185226.tar.gz:experiments/paper-mascar/energy/W25/results/w25_energy_20260605_181740/runs/energy_m4_reexec_load/spmv/stdout.log,tar_member,energy|gpuwattch,320
w25_tmp_archive,/workspace/tmp/mascar_w25_energy_raw_runs_20260605_185226.tar.gz:experiments/paper-mascar/energy/W25/results/w25_energy_20260605_181740/runs/energy_m4_reexec_load/srad_1/combined.log,tar_member,energy|gpuwattch,338
w25_tmp_archive,/workspace/tmp/mascar_w25_energy_raw_runs_20260605_185226.tar.gz:experiments/paper-mascar/energy/W25/results/w25_energy_20260605_181740/runs/energy_m4_reexec_load/srad_1/env.txt,tar_member,energy,424
w25_tmp_archive,/workspace/tmp/mascar_w25_energy_raw_runs_20260605_185226.tar.gz:experiments/paper-mascar/energy/W25/results/w25_energy_20260605_181740/runs/energy_m4_reexec_load/srad_1/stdout.log,tar_member,energy|gpuwattch,338
w25_tmp_archive,/workspace/tmp/mascar_w25_energy_raw_runs_20260605_185226.tar.gz:experiments/paper-mascar/energy/W25/results/w25_energy_20260605_181740/status_matrix.csv,tar_member,energy,343
w25_tmp_archive,/workspace/tmp/mascar_w25_energy_raw_runs_20260605_185226.tar.gz:experiments/paper-mascar/energy/W25/results/w25_energy_20260605_181740/summary.md,tar_member,energy|power,311
w25_tmp_archive,/workspace/tmp/mascar_w25_energy_raw_runs_20260605_185226.tar.gz:experiments/paper-mascar/energy/W25/results/w25_energy_20260605_181740/w25_config_matrix.snapshot.csv,tar_member,AccelWattch|energy,532
w25_tmp_archive,/workspace/tmp/mascar_w25_energy_raw_runs_20260605_185226.tar.gz:experiments/paper-mascar/energy/W25/results/w25_energy_20260605_181740/w25_workload_manifest.snapshot.csv,tar_member,energy|gpuwattch,1858
w25_tmp_archive,/workspace/tmp/mascar_w25_energy_integrated_review_pack_20260605_185519.tar.gz:experiments/paper-mascar/energy/W25/audit/w25_diff_name_status.txt,tar_member,energy,698
w25_tmp_archive,/workspace/tmp/mascar_w25_energy_integrated_review_pack_20260605_185519.tar.gz:experiments/paper-mascar/energy/W25/audit/w25_postcheck.md,tar_member,energy|power,472
w25_tmp_archive,/workspace/tmp/mascar_w25_energy_integrated_review_pack_20260605_185519.tar.gz:experiments/paper-mascar/energy/W25/audit/w25_symbol_grep.txt,tar_member,AccelWattch|average power|energy|gpu_tot_avg_power|gpu_tot_max_power|gpuwattch|kernel_avg_power|kernel_max_power|power,366247
w25_tmp_archive,/workspace/tmp/mascar_w25_energy_integrated_review_pack_20260605_185519.tar.gz:experiments/paper-mascar/energy/W25/audit/w25a_input_status.csv,tar_member,energy,959
w25_tmp_archive,/workspace/tmp/mascar_w25_energy_integrated_review_pack_20260605_185519.tar.gz:experiments/paper-mascar/energy/W25/audit/w25a_postcheck.md,tar_member,energy|gpuwattch,466
w25_tmp_archive,/workspace/tmp/mascar_w25_energy_integrated_review_pack_20260605_185519.tar.gz:experiments/paper-mascar/energy/W25/audit/w25b_postcheck.md,tar_member,energy|power,351
w25_tmp_archive,/workspace/tmp/mascar_w25_energy_integrated_review_pack_20260605_185519.tar.gz:experiments/paper-mascar/energy/W25/audit/w25c_postcheck.md,tar_member,energy,279
w25_tmp_archive,/workspace/tmp/mascar_w25_energy_integrated_review_pack_20260605_185519.tar.gz:experiments/paper-mascar/energy/W25/matrix/w25_closeout_manifest.csv,tar_member,energy,1808
w25_tmp_archive,/workspace/tmp/mascar_w25_energy_integrated_review_pack_20260605_185519.tar.gz:experiments/paper-mascar/energy/W25/matrix/w25_energy_command_manifest.csv,tar_member,energy|gpuwattch,1858
w25_tmp_archive,/workspace/tmp/mascar_w25_energy_integrated_review_pack_20260605_185519.tar.gz:experiments/paper-mascar/energy/W25/matrix/w25_energy_config_matrix.csv,tar_member,AccelWattch|energy,532
w25_tmp_archive,/workspace/tmp/mascar_w25_energy_integrated_review_pack_20260605_185519.tar.gz:experiments/paper-mascar/energy/W25/matrix/w25_energy_run_plan.csv,tar_member,energy|gpu_tot_avg_power|kernel_avg_power|power,3599
w25_tmp_archive,/workspace/tmp/mascar_w25_energy_integrated_review_pack_20260605_185519.tar.gz:experiments/paper-mascar/energy/W25/matrix/w25_energy_selection_summary.csv,tar_member,energy,491
w25_tmp_archive,/workspace/tmp/mascar_w25_energy_integrated_review_pack_20260605_185519.tar.gz:experiments/paper-mascar/energy/W25/matrix/w25_energy_workload_manifest.csv,tar_member,energy|gpuwattch,1635
w25_tmp_archive,/workspace/tmp/mascar_w25_energy_integrated_review_pack_20260605_185519.tar.gz:experiments/paper-mascar/energy/W25/results/w25_energy_actual_results.csv,tar_member,energy|gpu_tot_avg_power|gpu_tot_max_power|kernel_avg_power|kernel_max_power|power,7856
w25_tmp_archive,/workspace/tmp/mascar_w25_energy_integrated_review_pack_20260605_185519.tar.gz:experiments/paper-mascar/energy/W25/results/w25_energy_actual_run_manifest.csv,tar_member,energy|gpuwattch,7177
w25_tmp_archive,/workspace/tmp/mascar_w25_energy_integrated_review_pack_20260605_185519.tar.gz:experiments/paper-mascar/energy/W25/results/w25_energy_actual_status_matrix.csv,tar_member,energy,481
w25_tmp_archive,/workspace/tmp/mascar_w25_energy_integrated_review_pack_20260605_185519.tar.gz:experiments/paper-mascar/energy/W25/results/w25_energy_actual_summary.md,tar_member,energy|power,434
w25_tmp_archive,/workspace/tmp/mascar_w25_energy_integrated_review_pack_20260605_185519.tar.gz:experiments/paper-mascar/energy/W25/results/w25_energy_availability_matrix.csv,tar_member,AccelWattch|energy|power,1153
w25_tmp_archive,/workspace/tmp/mascar_w25_energy_integrated_review_pack_20260605_185519.tar.gz:experiments/paper-mascar/energy/W25/results/w25_energy_dryrun_results.csv,tar_member,energy|gpu_tot_avg_power|gpu_tot_max_power|kernel_avg_power|kernel_max_power|power,6395
w25_tmp_archive,/workspace/tmp/mascar_w25_energy_integrated_review_pack_20260605_185519.tar.gz:experiments/paper-mascar/energy/W25/results/w25_energy_dryrun_run_manifest.csv,tar_member,energy|gpuwattch,7171
w25_tmp_archive,/workspace/tmp/mascar_w25_energy_integrated_review_pack_20260605_185519.tar.gz:experiments/paper-mascar/energy/W25/results/w25_energy_dryrun_status_matrix.csv,tar_member,energy,343
w25_tmp_archive,/workspace/tmp/mascar_w25_energy_integrated_review_pack_20260605_185519.tar.gz:experiments/paper-mascar/energy/W25/results/w25_energy_dryrun_summary.md,tar_member,energy|power,311
w25_tmp_archive,/workspace/tmp/mascar_w25_energy_integrated_review_pack_20260605_185519.tar.gz:experiments/paper-mascar/energy/W25/results/w25_energy_latest_results.csv,tar_member,energy|gpu_tot_avg_power|gpu_tot_max_power|kernel_avg_power|kernel_max_power|power,7856
w25_tmp_archive,/workspace/tmp/mascar_w25_energy_integrated_review_pack_20260605_185519.tar.gz:experiments/paper-mascar/energy/W25/results/w25_energy_latest_run_manifest.csv,tar_member,energy|gpuwattch,7177
w25_tmp_archive,/workspace/tmp/mascar_w25_energy_integrated_review_pack_20260605_185519.tar.gz:experiments/paper-mascar/energy/W25/results/w25_energy_latest_status_matrix.csv,tar_member,energy,481
w25_tmp_archive,/workspace/tmp/mascar_w25_energy_integrated_review_pack_20260605_185519.tar.gz:experiments/paper-mascar/energy/W25/results/w25_energy_latest_summary.md,tar_member,energy|power,434
w25_tmp_archive,/workspace/tmp/mascar_w25_energy_integrated_review_pack_20260605_185519.tar.gz:experiments/paper-mascar/energy/W25/results/w25_energy_ratio_summary.csv,tar_member,energy|power,354
w25_tmp_archive,/workspace/tmp/mascar_w25_energy_integrated_review_pack_20260605_185519.tar.gz:experiments/paper-mascar/energy/W25/results/w25_energy_trend_results.csv,tar_member,energy|gpu_tot_avg_power|kernel_avg_power|power,1617
w25_tmp_archive,/workspace/tmp/mascar_w25_energy_integrated_review_pack_20260605_185519.tar.gz:experiments/paper-mascar/energy/W25/results/w25_energy_trend_summary.md,tar_member,energy|power,244
w25_tmp_archive,/workspace/tmp/mascar_w25_energy_integrated_review_pack_20260605_185519.tar.gz:docs/papers/mascar_w25a_energy_integrated_run_plan.md,tar_member,AccelWattch|average power|energy|gpuwattch|power,1044
w25_tmp_archive,/workspace/tmp/mascar_w25_energy_integrated_review_pack_20260605_185519.tar.gz:docs/papers/mascar_w25a_energy_integrated_plan_guidance.md,tar_member,energy|gpuwattch|power,6576
w25_tmp_archive,/workspace/tmp/mascar_w25_energy_integrated_review_pack_20260605_185519.tar.gz:docs/papers/mascar_w25_integrated_energy_sweep_report.md,tar_member,AccelWattch|energy|gpuwattch|power,1650
w25_tmp_archive,/workspace/tmp/mascar_w25_energy_integrated_review_pack_20260605_185519.tar.gz:docs/papers/mascar_w25_w26_closeout_summary.md,tar_member,energy|power,799
w25_tmp_archive,/workspace/tmp/mascar_w25_energy_integrated_review_pack_20260605_185519.tar.gz:docs/papers/mascar_w25b_energy_sweep_execution_guidance.md,tar_member,energy|gpu_tot_avg_power|kernel_avg_power|power,4072
w25_tmp_archive,/workspace/tmp/mascar_w25_energy_integrated_review_pack_20260605_185519.tar.gz:docs/papers/mascar_w25d_energy_closeout_guidance.md,tar_member,energy|power,1723
w25_tmp_archive,/workspace/tmp/mascar_w25_energy_integrated_review_pack_20260605_185519.tar.gz:docs/papers/mascar_w25c_energy_analysis_guidance.md,tar_member,energy|gpu_tot_avg_power|gpuwattch|kernel_avg_power|power,3541
w25_tmp_archive,/workspace/tmp/mascar_w25_energy_integrated_review_pack_20260605_185226.tar.gz:experiments/paper-mascar/energy/W25/audit/w25_diff_name_status.txt,tar_member,energy,157
w25_tmp_archive,/workspace/tmp/mascar_w25_energy_integrated_review_pack_20260605_185226.tar.gz:experiments/paper-mascar/energy/W25/audit/w25_postcheck.md,tar_member,energy|power,390
w25_tmp_archive,/workspace/tmp/mascar_w25_energy_integrated_review_pack_20260605_185226.tar.gz:experiments/paper-mascar/energy/W25/audit/w25_symbol_grep.txt,tar_member,AccelWattch|average power|energy|gpu_tot_avg_power|gpu_tot_max_power|gpuwattch|kernel_avg_power|kernel_max_power|power,366247
w25_tmp_archive,/workspace/tmp/mascar_w25_energy_integrated_review_pack_20260605_185226.tar.gz:experiments/paper-mascar/energy/W25/audit/w25a_input_status.csv,tar_member,energy,959
w25_tmp_archive,/workspace/tmp/mascar_w25_energy_integrated_review_pack_20260605_185226.tar.gz:experiments/paper-mascar/energy/W25/audit/w25a_postcheck.md,tar_member,energy|gpuwattch,466
w25_tmp_archive,/workspace/tmp/mascar_w25_energy_integrated_review_pack_20260605_185226.tar.gz:experiments/paper-mascar/energy/W25/audit/w25b_postcheck.md,tar_member,energy|power,351
w25_tmp_archive,/workspace/tmp/mascar_w25_energy_integrated_review_pack_20260605_185226.tar.gz:experiments/paper-mascar/energy/W25/audit/w25c_postcheck.md,tar_member,energy,279
w25_tmp_archive,/workspace/tmp/mascar_w25_energy_integrated_review_pack_20260605_185226.tar.gz:experiments/paper-mascar/energy/W25/matrix/w25_closeout_manifest.csv,tar_member,energy,1808
w25_tmp_archive,/workspace/tmp/mascar_w25_energy_integrated_review_pack_20260605_185226.tar.gz:experiments/paper-mascar/energy/W25/matrix/w25_energy_command_manifest.csv,tar_member,energy|gpuwattch,1858
w25_tmp_archive,/workspace/tmp/mascar_w25_energy_integrated_review_pack_20260605_185226.tar.gz:experiments/paper-mascar/energy/W25/matrix/w25_energy_config_matrix.csv,tar_member,AccelWattch|energy,532
w25_tmp_archive,/workspace/tmp/mascar_w25_energy_integrated_review_pack_20260605_185226.tar.gz:experiments/paper-mascar/energy/W25/matrix/w25_energy_run_plan.csv,tar_member,energy|gpu_tot_avg_power|kernel_avg_power|power,3599
w25_tmp_archive,/workspace/tmp/mascar_w25_energy_integrated_review_pack_20260605_185226.tar.gz:experiments/paper-mascar/energy/W25/matrix/w25_energy_selection_summary.csv,tar_member,energy,491
w25_tmp_archive,/workspace/tmp/mascar_w25_energy_integrated_review_pack_20260605_185226.tar.gz:experiments/paper-mascar/energy/W25/matrix/w25_energy_workload_manifest.csv,tar_member,energy|gpuwattch,1635
w25_tmp_archive,/workspace/tmp/mascar_w25_energy_integrated_review_pack_20260605_185226.tar.gz:experiments/paper-mascar/energy/W25/results/w25_energy_actual_results.csv,tar_member,energy|gpu_tot_avg_power|gpu_tot_max_power|kernel_avg_power|kernel_max_power|power,7856
w25_tmp_archive,/workspace/tmp/mascar_w25_energy_integrated_review_pack_20260605_185226.tar.gz:experiments/paper-mascar/energy/W25/results/w25_energy_actual_run_manifest.csv,tar_member,energy|gpuwattch,7177
w25_tmp_archive,/workspace/tmp/mascar_w25_energy_integrated_review_pack_20260605_185226.tar.gz:experiments/paper-mascar/energy/W25/results/w25_energy_actual_status_matrix.csv,tar_member,energy,481
w25_tmp_archive,/workspace/tmp/mascar_w25_energy_integrated_review_pack_20260605_185226.tar.gz:experiments/paper-mascar/energy/W25/results/w25_energy_actual_summary.md,tar_member,energy|power,434
w25_tmp_archive,/workspace/tmp/mascar_w25_energy_integrated_review_pack_20260605_185226.tar.gz:experiments/paper-mascar/energy/W25/results/w25_energy_availability_matrix.csv,tar_member,AccelWattch|energy|power,1153
w25_tmp_archive,/workspace/tmp/mascar_w25_energy_integrated_review_pack_20260605_185226.tar.gz:experiments/paper-mascar/energy/W25/results/w25_energy_dryrun_results.csv,tar_member,energy|gpu_tot_avg_power|gpu_tot_max_power|kernel_avg_power|kernel_max_power|power,6395
w25_tmp_archive,/workspace/tmp/mascar_w25_energy_integrated_review_pack_20260605_185226.tar.gz:experiments/paper-mascar/energy/W25/results/w25_energy_dryrun_run_manifest.csv,tar_member,energy|gpuwattch,7171
w25_tmp_archive,/workspace/tmp/mascar_w25_energy_integrated_review_pack_20260605_185226.tar.gz:experiments/paper-mascar/energy/W25/results/w25_energy_dryrun_status_matrix.csv,tar_member,energy,343
w25_tmp_archive,/workspace/tmp/mascar_w25_energy_integrated_review_pack_20260605_185226.tar.gz:experiments/paper-mascar/energy/W25/results/w25_energy_dryrun_summary.md,tar_member,energy|power,311
w25_tmp_archive,/workspace/tmp/mascar_w25_energy_integrated_review_pack_20260605_185226.tar.gz:experiments/paper-mascar/energy/W25/results/w25_energy_latest_results.csv,tar_member,energy|gpu_tot_avg_power|gpu_tot_max_power|kernel_avg_power|kernel_max_power|power,7856
w25_tmp_archive,/workspace/tmp/mascar_w25_energy_integrated_review_pack_20260605_185226.tar.gz:experiments/paper-mascar/energy/W25/results/w25_energy_latest_run_manifest.csv,tar_member,energy|gpuwattch,7177
w25_tmp_archive,/workspace/tmp/mascar_w25_energy_integrated_review_pack_20260605_185226.tar.gz:experiments/paper-mascar/energy/W25/results/w25_energy_latest_status_matrix.csv,tar_member,energy,481
w25_tmp_archive,/workspace/tmp/mascar_w25_energy_integrated_review_pack_20260605_185226.tar.gz:experiments/paper-mascar/energy/W25/results/w25_energy_latest_summary.md,tar_member,energy|power,434
w25_tmp_archive,/workspace/tmp/mascar_w25_energy_integrated_review_pack_20260605_185226.tar.gz:experiments/paper-mascar/energy/W25/results/w25_energy_ratio_summary.csv,tar_member,energy|power,354
w25_tmp_archive,/workspace/tmp/mascar_w25_energy_integrated_review_pack_20260605_185226.tar.gz:experiments/paper-mascar/energy/W25/results/w25_energy_trend_results.csv,tar_member,energy|gpu_tot_avg_power|kernel_avg_power|power,1617
w25_tmp_archive,/workspace/tmp/mascar_w25_energy_integrated_review_pack_20260605_185226.tar.gz:experiments/paper-mascar/energy/W25/results/w25_energy_trend_summary.md,tar_member,energy|power,244
w25_tmp_archive,/workspace/tmp/mascar_w25_energy_integrated_review_pack_20260605_185226.tar.gz:docs/papers/mascar_w25a_energy_integrated_run_plan.md,tar_member,AccelWattch|average power|energy|gpuwattch|power,1044
w25_tmp_archive,/workspace/tmp/mascar_w25_energy_integrated_review_pack_20260605_185226.tar.gz:docs/papers/mascar_w25a_energy_integrated_plan_guidance.md,tar_member,energy|gpuwattch|power,6576
w25_tmp_archive,/workspace/tmp/mascar_w25_energy_integrated_review_pack_20260605_185226.tar.gz:docs/papers/mascar_w25_integrated_energy_sweep_report.md,tar_member,AccelWattch|energy|gpuwattch|power,1650
w25_tmp_archive,/workspace/tmp/mascar_w25_energy_integrated_review_pack_20260605_185226.tar.gz:docs/papers/mascar_w25b_energy_sweep_execution_guidance.md,tar_member,energy|gpu_tot_avg_power|kernel_avg_power|power,4072
w25_tmp_archive,/workspace/tmp/mascar_w25_energy_integrated_review_pack_20260605_185226.tar.gz:docs/papers/mascar_w25d_energy_closeout_guidance.md,tar_member,energy|power,1723
w25_tmp_archive,/workspace/tmp/mascar_w25_energy_integrated_review_pack_20260605_185226.tar.gz:docs/papers/mascar_w25c_energy_analysis_guidance.md,tar_member,energy|gpu_tot_avg_power|gpuwattch|kernel_avg_power|power,3541
